GQ396613|A/Naypyitaw/M499/2008(H1N1),0.000000,0.060056,0.060056,0.060056,0.051676,0.065642,0.057263,0.030726,0.060056,0.060056,0.058659,0.058659,0.067039,0.001397,0.058659,0.060056,0.048883,0.085196,0.053073,0.058659,0.054469,0.060056,0.008380,0.062849,0.058659,0.065642,0.060056,0.058659,0.057263,0.060056,0.060056,0.058659,0.060056,0.058659,0.030726,0.063380,0.060056,0.055866,0.043296,0.058659,0.060056,0.060056,0.053073,0.058659,0.026536,0.053073,0.048883,0.057263,0.055866,0.058659,0.050279,0.058659,0.053073,0.064336,0.058659,0.058659,0.060056,0.335196,0.053073,0.050279,0.011173,0.058659,0.058659,0.058659,0.051676,0.050279,0.055866,0.050279,0.050279,0.060056,0.051676,0.058659,0.050279,0.057263,0.057263,0.058659,0.058659,0.008380,0.005587,0.058659,0.058659,0.058659,0.058659,0.060056,0.060056,0.018156,0.062849,0.053073,0.060056,0.050279,0.058659,0.040503,0.050279,0.002793,0.051676,0.054469,0.058659,0.058659,0.062849,0.058659
CY129947|A/Aarhus/INS615/2011,0.060056,0.000000,0.002793,0.008380,0.068436,0.012570,0.005587,0.054469,0.006983,0.006983,0.005587,0.005587,0.013966,0.061453,0.005587,0.006983,0.062849,0.096369,0.065642,0.005587,0.060056,0.006983,0.058659,0.015363,0.005587,0.012570,0.006983,0.005587,0.006983,0.006983,0.006983,0.001397,0.006983,0.005587,0.054469,0.009859,0.036313,0.065642,0.055866,0.005587,0.006983,0.006983,0.067039,0.005587,0.050279,0.067039,0.058659,0.005587,0.005587,0.005587,0.064246,0.009777,0.067039,0.013986,0.005587,0.005587,0.005587,0.346369,0.062849,0.064246,0.062849,0.005587,0.009777,0.004190,0.065642,0.064246,0.065642,0.034916,0.064246,0.006983,0.065642,0.005587,0.064246,0.005587,0.040503,0.005587,0.005587,0.060056,0.058659,0.008380,0.008380,0.005587,0.068436,0.006983,0.006983,0.054469,0.009777,0.067039,0.011173,0.064246,0.005587,0.057263,0.058659,0.060056,0.065642,0.039106,0.006983,0.004190,0.009777,0.008380
CY129643|A/Munich/INS541/2011,0.060056,0.002793,0.000000,0.008380,0.068436,0.012570,0.005587,0.054469,0.006983,0.006983,0.005587,0.005587,0.013966,0.061453,0.005587,0.006983,0.062849,0.096369,0.065642,0.005587,0.060056,0.006983,0.058659,0.015363,0.005587,0.012570,0.006983,0.005587,0.006983,0.006983,0.006983,0.001397,0.006983,0.005587,0.054469,0.009859,0.036313,0.065642,0.055866,0.005587,0.006983,0.006983,0.067039,0.005587,0.050279,0.067039,0.058659,0.005587,0.005587,0.005587,0.064246,0.009777,0.067039,0.013986,0.005587,0.005587,0.005587,0.346369,0.062849,0.064246,0.062849,0.005587,0.009777,0.004190,0.065642,0.064246,0.065642,0.034916,0.064246,0.006983,0.065642,0.005587,0.064246,0.005587,0.040503,0.005587,0.005587,0.060056,0.058659,0.008380,0.008380,0.005587,0.068436,0.006983,0.006983,0.054469,0.009777,0.067039,0.011173,0.062849,0.005587,0.057263,0.058659,0.060056,0.065642,0.039106,0.006983,0.004190,0.009777,0.008380
CY057787|A/Wisconsin/629-D01014/2009(H1N1),0.060056,0.008380,0.008380,0.000000,0.069832,0.012570,0.005587,0.054469,0.005587,0.006983,0.005587,0.005587,0.013966,0.061453,0.005587,0.006983,0.064246,0.097765,0.067039,0.005587,0.064246,0.006983,0.058659,0.015363,0.005587,0.012570,0.004190,0.005587,0.006983,0.006983,0.006983,0.006983,0.006983,0.005587,0.054469,0.012676,0.036313,0.067039,0.055866,0.005587,0.006983,0.006983,0.068436,0.005587,0.050279,0.068436,0.060056,0.005587,0.005587,0.005587,0.065642,0.004190,0.068436,0.013986,0.005587,0.005587,0.008380,0.349162,0.064246,0.065642,0.062849,0.008380,0.009777,0.006983,0.067039,0.065642,0.067039,0.034916,0.065642,0.006983,0.067039,0.005587,0.065642,0.005587,0.040503,0.005587,0.005587,0.060056,0.058659,0.002793,0.008380,0.005587,0.069832,0.006983,0.006983,0.054469,0.009777,0.068436,0.008380,0.065642,0.008380,0.057263,0.060056,0.060056,0.067039,0.039106,0.006983,0.006983,0.009777,0.008380
CY093350|A/Kuwait/WRAIR1561P/2009,0.051676,0.068436,0.068436,0.069832,0.000000,0.074022,0.065642,0.039106,0.068436,0.068436,0.067039,0.067039,0.075419,0.053073,0.067039,0.068436,0.006983,0.039106,0.009777,0.067039,0.032123,0.068436,0.047486,0.068436,0.067039,0.074022,0.068436,0.067039,0.065642,0.065642,0.068436,0.067039,0.068436,0.067039,0.036313,0.071831,0.062849,0.020950,0.026536,0.067039,0.068436,0.065642,0.009777,0.065642,0.039106,0.006983,0.026536,0.067039,0.064246,0.067039,0.006983,0.071229,0.006983,0.074126,0.067039,0.067039,0.068436,0.303073,0.020950,0.023743,0.051676,0.067039,0.065642,0.067039,0.005587,0.023743,0.022346,0.058659,0.008380,0.068436,0.005587,0.067039,0.006983,0.065642,0.062849,0.067039,0.067039,0.048883,0.048883,0.068436,0.068436,0.067039,0.023743,0.068436,0.068436,0.050279,0.071229,0.006983,0.068436,0.006983,0.067039,0.029330,0.027933,0.051676,0.011173,0.062849,0.068436,0.067039,0.071229,0.067039
CY049490|A/Singapore/ON1072/2009(H1N1),0.065642,0.012570,0.012570,0.012570,0.074022,0.000000,0.009777,0.060056,0.012570,0.011173,0.009777,0.009777,0.018156,0.067039,0.009777,0.011173,0.068436,0.101955,0.071229,0.009777,0.068436,0.011173,0.064246,0.019553,0.009777,0.016760,0.011173,0.009777,0.011173,0.011173,0.011173,0.011173,0.011173,0.009777,0.060056,0.016901,0.040503,0.071229,0.061453,0.009777,0.011173,0.011173,0.072626,0.009777,0.055866,0.072626,0.064246,0.009777,0.009777,0.009777,0.069832,0.013966,0.071229,0.018182,0.009777,0.009777,0.012570,0.353352,0.068436,0.069832,0.068436,0.012570,0.013966,0.011173,0.071229,0.069832,0.071229,0.039106,0.069832,0.011173,0.071229,0.009777,0.069832,0.009777,0.044693,0.009777,0.009777,0.065642,0.064246,0.012570,0.012570,0.009777,0.074022,0.011173,0.011173,0.060056,0.013966,0.072626,0.015363,0.069832,0.012570,0.062849,0.064246,0.065642,0.071229,0.043296,0.011173,0.011173,0.013966,0.012570
CY051244|A/Wisconsin/629-D01199/2009(H1N1),0.057263,0.005587,0.005587,0.005587,0.065642,0.009777,0.000000,0.051676,0.005587,0.004190,0.002793,0.002793,0.011173,0.058659,0.002793,0.004190,0.060056,0.093575,0.062849,0.002793,0.060056,0.004190,0.055866,0.012570,0.002793,0.009777,0.004190,0.002793,0.004190,0.004190,0.004190,0.004190,0.004190,0.002793,0.051676,0.009859,0.032123,0.062849,0.053073,0.002793,0.004190,0.004190,0.064246,0.002793,0.047486,0.064246,0.055866,0.002793,0.002793,0.002793,0.061453,0.006983,0.064246,0.011189,0.002793,0.002793,0.005587,0.344972,0.060056,0.061453,0.060056,0.005587,0.006983,0.004190,0.062849,0.061453,0.062849,0.030726,0.061453,0.004190,0.062849,0.002793,0.061453,0.002793,0.036313,0.002793,0.002793,0.057263,0.055866,0.005587,0.005587,0.002793,0.065642,0.004190,0.004190,0.051676,0.006983,0.064246,0.008380,0.061453,0.005587,0.054469,0.055866,0.057263,0.062849,0.034916,0.004190,0.004190,0.006983,0.005587
CY077903|A/Nijmegen/1959,0.030726,0.054469,0.054469,0.054469,0.039106,0.060056,0.051676,0.000000,0.054469,0.054469,0.053073,0.053073,0.061453,0.032123,0.053073,0.054469,0.033520,0.069832,0.037709,0.053073,0.030726,0.054469,0.023743,0.057263,0.053073,0.060056,0.054469,0.053073,0.051676,0.054469,0.054469,0.053073,0.054469,0.053073,0.008380,0.059155,0.050279,0.039106,0.020950,0.053073,0.054469,0.054469,0.037709,0.051676,0.009777,0.037709,0.025140,0.053073,0.050279,0.053073,0.033520,0.055866,0.037709,0.061538,0.053073,0.053073,0.054469,0.322626,0.036313,0.029330,0.027933,0.054469,0.053073,0.053073,0.036313,0.029330,0.040503,0.046089,0.034916,0.054469,0.036313,0.053073,0.034916,0.051676,0.054469,0.053073,0.053073,0.025140,0.027933,0.053073,0.054469,0.053073,0.041899,0.054469,0.054469,0.019553,0.057263,0.037709,0.054469,0.034916,0.054469,0.018156,0.026536,0.030726,0.036313,0.050279,0.054469,0.053073,0.057263,0.053073
CY092390|A/Sydney/DD3-29/2010,0.060056,0.006983,0.006983,0.005587,0.068436,0.012570,0.005587,0.054469,0.000000,0.006983,0.005587,0.005587,0.013966,0.061453,0.005587,0.006983,0.062849,0.096369,0.065642,0.005587,0.062849,0.006983,0.058659,0.015363,0.005587,0.012570,0.004190,0.005587,0.006983,0.006983,0.006983,0.005587,0.006983,0.005587,0.054469,0.011268,0.036313,0.065642,0.055866,0.005587,0.006983,0.006983,0.067039,0.005587,0.050279,0.067039,0.058659,0.005587,0.005587,0.005587,0.064246,0.006983,0.067039,0.013986,0.005587,0.005587,0.006983,0.347765,0.062849,0.064246,0.062849,0.006983,0.009777,0.005587,0.065642,0.064246,0.065642,0.034916,0.064246,0.006983,0.065642,0.005587,0.064246,0.005587,0.040503,0.005587,0.005587,0.060056,0.058659,0.005587,0.008380,0.005587,0.068436,0.006983,0.006983,0.054469,0.009777,0.067039,0.008380,0.064246,0.006983,0.057263,0.058659,0.060056,0.065642,0.039106,0.006983,0.005587,0.009777,0.008380
CY049610|A/Singapore/ON1194/2009(H1N1),0.060056,0.006983,0.006983,0.006983,0.068436,0.011173,0.004190,0.054469,0.006983,0.000000,0.004190,0.004190,0.012570,0.061453,0.004190,0.005587,0.062849,0.096369,0.065642,0.004190,0.062849,0.005587,0.058659,0.013966,0.004190,0.011173,0.005587,0.004190,0.005587,0.005587,0.005587,0.005587,0.005587,0.002793,0.054469,0.011268,0.034916,0.065642,0.055866,0.004190,0.005587,0.005587,0.067039,0.004190,0.050279,0.067039,0.058659,0.004190,0.004190,0.004190,0.064246,0.008380,0.067039,0.012587,0.004190,0.004190,0.006983,0.344972,0.062849,0.064246,0.062849,0.006983,0.008380,0.005587,0.065642,0.064246,0.065642,0.033520,0.064246,0.005587,0.065642,0.004190,0.064246,0.004190,0.039106,0.004190,0.004190,0.060056,0.058659,0.006983,0.006983,0.004190,0.068436,0.005587,0.005587,0.054469,0.008380,0.067039,0.009777,0.064246,0.006983,0.057263,0.058659,0.060056,0.065642,0.037709,0.005587,0.005587,0.008380,0.006983
CY062696|A/Aarhus/INS116/2009(H1N1),0.058659,0.005587,0.005587,0.005587,0.067039,0.009777,0.002793,0.053073,0.005587,0.004190,0.000000,0.002793,0.011173,0.060056,0.002793,0.004190,0.061453,0.094972,0.064246,0.002793,0.061453,0.004190,0.057263,0.012570,0.002793,0.009777,0.004190,0.002793,0.004190,0.004190,0.004190,0.004190,0.004190,0.002793,0.053073,0.009859,0.033520,0.064246,0.054469,0.002793,0.004190,0.004190,0.065642,0.002793,0.048883,0.065642,0.057263,0.002793,0.002793,0.002793,0.062849,0.006983,0.065642,0.011189,0.002793,0.002793,0.005587,0.346369,0.061453,0.062849,0.061453,0.005587,0.006983,0.004190,0.064246,0.062849,0.064246,0.032123,0.062849,0.004190,0.064246,0.002793,0.062849,0.002793,0.037709,0.002793,0.002793,0.058659,0.057263,0.005587,0.005587,0.002793,0.067039,0.004190,0.004190,0.053073,0.006983,0.065642,0.008380,0.062849,0.005587,0.055866,0.057263,0.058659,0.064246,0.036313,0.004190,0.004190,0.006983,0.005587
CY063579|A/Boston/154/2009(H1N1),0.058659,0.005587,0.005587,0.005587,0.067039,0.009777,0.002793,0.053073,0.005587,0.004190,0.002793,0.000000,0.011173,0.060056,0.002793,0.004190,0.061453,0.094972,0.064246,0.002793,0.061453,0.004190,0.057263,0.012570,0.002793,0.009777,0.004190,0.002793,0.004190,0.004190,0.004190,0.004190,0.004190,0.002793,0.053073,0.009859,0.033520,0.064246,0.054469,0.002793,0.004190,0.004190,0.065642,0.002793,0.048883,0.065642,0.057263,0.002793,0.002793,0.002793,0.062849,0.006983,0.065642,0.011189,0.002793,0.002793,0.005587,0.346369,0.061453,0.062849,0.061453,0.005587,0.006983,0.004190,0.064246,0.062849,0.064246,0.032123,0.062849,0.004190,0.064246,0.002793,0.062849,0.002793,0.037709,0.002793,0.002793,0.058659,0.057263,0.005587,0.005587,0.002793,0.067039,0.004190,0.004190,0.053073,0.006983,0.065642,0.008380,0.062849,0.005587,0.055866,0.057263,0.058659,0.064246,0.036313,0.004190,0.004190,0.006983,0.005587
HQ652619|A/Jiangsu/S62/2009,0.067039,0.013966,0.013966,0.013966,0.075419,0.018156,0.011173,0.061453,0.013966,0.012570,0.011173,0.011173,0.000000,0.068436,0.011173,0.012570,0.069832,0.101955,0.072626,0.011173,0.069832,0.009777,0.065642,0.015363,0.011173,0.018156,0.012570,0.011173,0.012570,0.012570,0.012570,0.012570,0.012570,0.011173,0.061453,0.018310,0.041899,0.072626,0.062849,0.011173,0.012570,0.012570,0.074022,0.011173,0.057263,0.074022,0.065642,0.011173,0.011173,0.011173,0.071229,0.015363,0.074022,0.019580,0.011173,0.011173,0.013966,0.350559,0.069832,0.071229,0.069832,0.013966,0.009777,0.012570,0.072626,0.071229,0.072626,0.040503,0.071229,0.012570,0.072626,0.011173,0.071229,0.011173,0.046089,0.011173,0.011173,0.067039,0.065642,0.013966,0.013966,0.011173,0.075419,0.012570,0.012570,0.061453,0.012570,0.074022,0.016760,0.071229,0.013966,0.064246,0.065642,0.067039,0.072626,0.044693,0.012570,0.012570,0.015363,0.013966
HQ292043|A/Taiwan/6723/2008,0.001397,0.061453,0.061453,0.061453,0.053073,0.067039,0.058659,0.032123,0.061453,0.061453,0.060056,0.060056,0.068436,0.000000,0.060056,0.061453,0.050279,0.086592,0.054469,0.060056,0.055866,0.061453,0.009777,0.064246,0.060056,0.067039,0.061453,0.060056,0.058659,0.061453,0.061453,0.060056,0.061453,0.060056,0.032123,0.064789,0.061453,0.057263,0.044693,0.060056,0.061453,0.061453,0.054469,0.060056,0.027933,0.054469,0.050279,0.058659,0.057263,0.060056,0.051676,0.060056,0.054469,0.065734,0.060056,0.060056,0.061453,0.336592,0.054469,0.051676,0.012570,0.060056,0.060056,0.060056,0.053073,0.051676,0.057263,0.051676,0.051676,0.061453,0.053073,0.060056,0.051676,0.058659,0.058659,0.060056,0.060056,0.009777,0.006983,0.060056,0.060056,0.060056,0.060056,0.061453,0.061453,0.019553,0.064246,0.054469,0.061453,0.051676,0.060056,0.041899,0.051676,0.004190,0.053073,0.055866,0.060056,0.060056,0.064246,0.060056
CY073087|A/Ankara/WRAIR1435T/2009,0.058659,0.005587,0.005587,0.005587,0.067039,0.009777,0.002793,0.053073,0.005587,0.004190,0.002793,0.002793,0.011173,0.060056,0.000000,0.004190,0.061453,0.094972,0.064246,0.002793,0.061453,0.004190,0.057263,0.012570,0.002793,0.009777,0.004190,0.002793,0.004190,0.004190,0.004190,0.004190,0.004190,0.002793,0.053073,0.009859,0.033520,0.064246,0.054469,0.002793,0.004190,0.004190,0.065642,0.002793,0.048883,0.065642,0.057263,0.002793,0.002793,0.002793,0.062849,0.006983,0.065642,0.008392,0.002793,0.002793,0.005587,0.344972,0.061453,0.062849,0.061453,0.005587,0.006983,0.004190,0.064246,0.062849,0.064246,0.032123,0.062849,0.004190,0.064246,0.002793,0.062849,0.002793,0.037709,0.002793,0.002793,0.058659,0.057263,0.005587,0.005587,0.002793,0.067039,0.004190,0.004190,0.053073,0.006983,0.065642,0.008380,0.062849,0.005587,0.055866,0.057263,0.058659,0.064246,0.036313,0.004190,0.004190,0.006983,0.005587
CY075005|A/Thailand/CU-H847/2009,0.060056,0.006983,0.006983,0.006983,0.068436,0.011173,0.004190,0.054469,0.006983,0.005587,0.004190,0.004190,0.012570,0.061453,0.004190,0.000000,0.062849,0.096369,0.065642,0.004190,0.062849,0.005587,0.058659,0.013966,0.004190,0.011173,0.005587,0.004190,0.005587,0.005587,0.005587,0.005587,0.005587,0.004190,0.054469,0.011268,0.034916,0.065642,0.055866,0.004190,0.005587,0.005587,0.067039,0.004190,0.050279,0.067039,0.058659,0.004190,0.004190,0.004190,0.064246,0.008380,0.067039,0.012587,0.004190,0.004190,0.006983,0.346369,0.062849,0.064246,0.062849,0.006983,0.008380,0.005587,0.065642,0.064246,0.065642,0.033520,0.064246,0.005587,0.065642,0.004190,0.064246,0.004190,0.039106,0.004190,0.004190,0.060056,0.058659,0.006983,0.006983,0.004190,0.068436,0.005587,0.005587,0.054469,0.008380,0.067039,0.009777,0.064246,0.006983,0.057263,0.058659,0.060056,0.065642,0.037709,0.005587,0.005587,0.008380,0.006983
CY093566|A/Moscow/WRAIR4307N/2011(H3N2),0.048883,0.062849,0.062849,0.064246,0.006983,0.068436,0.060056,0.033520,0.062849,0.062849,0.061453,0.061453,0.069832,0.050279,0.061453,0.062849,0.000000,0.037709,0.005587,0.061453,0.026536,0.062849,0.044693,0.062849,0.061453,0.068436,0.062849,0.061453,0.060056,0.060056,0.062849,0.061453,0.062849,0.061453,0.030726,0.066197,0.057263,0.016760,0.020950,0.061453,0.062849,0.060056,0.005587,0.060056,0.033520,0.005587,0.020950,0.061453,0.058659,0.061453,0.002793,0.065642,0.005587,0.068531,0.061453,0.061453,0.062849,0.298883,0.016760,0.018156,0.048883,0.061453,0.060056,0.061453,0.004190,0.018156,0.018156,0.053073,0.004190,0.062849,0.004190,0.061453,0.005587,0.060056,0.057263,0.061453,0.061453,0.046089,0.046089,0.062849,0.062849,0.061453,0.019553,0.062849,0.062849,0.044693,0.065642,0.005587,0.062849,0.002793,0.061453,0.023743,0.022346,0.048883,0.009777,0.057263,0.062849,0.061453,0.065642,0.061453
CY087506|A/Uganda/MUWRP-028/2008,0.085196,0.096369,0.096369,0.097765,0.039106,0.101955,0.093575,0.069832,0.096369,0.096369,0.094972,0.094972,0.101955,0.086592,0.094972,0.096369,0.037709,0.000000,0.040503,0.094972,0.062849,0.096369,0.081006,0.096369,0.094972,0.101955,0.096369,0.093575,0.093575,0.093575,0.096369,0.094972,0.096369,0.094972,0.067039,0.100000,0.090782,0.050279,0.057263,0.094972,0.096369,0.093575,0.040503,0.093575,0.069832,0.037709,0.057263,0.094972,0.092179,0.094972,0.037709,0.099162,0.037709,0.102098,0.094972,0.094972,0.096369,0.333799,0.050279,0.054469,0.082402,0.094972,0.093575,0.094972,0.036313,0.054469,0.051676,0.086592,0.039106,0.093575,0.036313,0.094972,0.037709,0.093575,0.086592,0.094972,0.094972,0.082402,0.082402,0.096369,0.096369,0.094972,0.053073,0.096369,0.096369,0.081006,0.099162,0.037709,0.096369,0.037709,0.094972,0.060056,0.058659,0.085196,0.041899,0.087989,0.096369,0.094972,0.097765,0.094972
CY044793|A/Boston/71/2008(H3N2),0.053073,0.065642,0.065642,0.067039,0.009777,0.071229,0.062849,0.037709,0.065642,0.065642,0.064246,0.064246,0.072626,0.054469,0.064246,0.065642,0.005587,0.040503,0.000000,0.064246,0.030726,0.065642,0.048883,0.067039,0.064246,0.071229,0.065642,0.064246,0.062849,0.062849,0.065642,0.064246,0.065642,0.064246,0.034916,0.069014,0.061453,0.019553,0.025140,0.064246,0.065642,0.062849,0.008380,0.062849,0.037709,0.008380,0.025140,0.064246,0.061453,0.064246,0.005587,0.068436,0.008380,0.071329,0.064246,0.064246,0.065642,0.301676,0.019553,0.022346,0.053073,0.064246,0.062849,0.064246,0.006983,0.022346,0.020950,0.057263,0.006983,0.065642,0.006983,0.064246,0.008380,0.062849,0.061453,0.064246,0.062849,0.050279,0.050279,0.065642,0.065642,0.064246,0.022346,0.065642,0.065642,0.048883,0.068436,0.008380,0.065642,0.005587,0.064246,0.027933,0.026536,0.053073,0.012570,0.061453,0.065642,0.064246,0.068436,0.064246
CY089184|A/Chile/19/2009,0.058659,0.005587,0.005587,0.005587,0.067039,0.009777,0.002793,0.053073,0.005587,0.004190,0.002793,0.002793,0.011173,0.060056,0.002793,0.004190,0.061453,0.094972,0.064246,0.000000,0.061453,0.004190,0.057263,0.012570,0.002793,0.009777,0.004190,0.002793,0.004190,0.004190,0.004190,0.004190,0.004190,0.002793,0.053073,0.009859,0.033520,0.064246,0.054469,0.002793,0.004190,0.004190,0.065642,0.002793,0.048883,0.065642,0.057263,0.002793,0.002793,0.002793,0.062849,0.006983,0.065642,0.011189,0.002793,0.002793,0.005587,0.346369,0.061453,0.062849,0.061453,0.005587,0.006983,0.004190,0.064246,0.062849,0.064246,0.032123,0.062849,0.004190,0.064246,0.002793,0.062849,0.002793,0.037709,0.002793,0.002793,0.058659,0.057263,0.005587,0.005587,0.002793,0.067039,0.004190,0.004190,0.053073,0.006983,0.065642,0.008380,0.062849,0.005587,0.055866,0.057263,0.058659,0.064246,0.036313,0.004190,0.004190,0.005587,0.005587
CY113434|A/Netherlands/650/1989,0.054469,0.060056,0.060056,0.064246,0.032123,0.068436,0.060056,0.030726,0.062849,0.062849,0.061453,0.061453,0.069832,0.055866,0.061453,0.062849,0.026536,0.062849,0.030726,0.061453,0.000000,0.062849,0.047486,0.062849,0.061453,0.068436,0.062849,0.061453,0.060056,0.060056,0.062849,0.058659,0.062849,0.061453,0.027933,0.067606,0.061453,0.027933,0.015363,0.061453,0.062849,0.060056,0.030726,0.060056,0.033520,0.030726,0.005587,0.061453,0.058659,0.061453,0.027933,0.065642,0.030726,0.069930,0.061453,0.061453,0.062849,0.317039,0.025140,0.013966,0.051676,0.062849,0.062849,0.061453,0.029330,0.013966,0.029330,0.060056,0.029330,0.062849,0.029330,0.061453,0.027933,0.060056,0.065642,0.061453,0.061453,0.048883,0.051676,0.062849,0.062849,0.061453,0.030726,0.062849,0.062849,0.041899,0.064246,0.030726,0.062849,0.027933,0.062849,0.018156,0.004190,0.054469,0.029330,0.064246,0.062849,0.061453,0.065642,0.061453
CY060848|A/Texas/JMS356/2009(H1N1),0.060056,0.006983,0.006983,0.006983,0.068436,0.011173,0.004190,0.054469,0.006983,0.005587,0.004190,0.004190,0.009777,0.061453,0.004190,0.005587,0.062849,0.096369,0.065642,0.004190,0.062849,0.000000,0.058659,0.011173,0.004190,0.011173,0.005587,0.004190,0.005587,0.005587,0.005587,0.005587,0.005587,0.004190,0.054469,0.011268,0.034916,0.065642,0.055866,0.004190,0.005587,0.005587,0.067039,0.004190,0.050279,0.067039,0.058659,0.004190,0.004190,0.004190,0.064246,0.008380,0.067039,0.012587,0.004190,0.004190,0.006983,0.344972,0.062849,0.064246,0.062849,0.006983,0.005587,0.005587,0.065642,0.064246,0.065642,0.033520,0.064246,0.005587,0.065642,0.004190,0.064246,0.004190,0.039106,0.004190,0.004190,0.060056,0.058659,0.006983,0.006983,0.004190,0.068436,0.005587,0.005587,0.054469,0.008380,0.067039,0.009777,0.064246,0.006983,0.057263,0.058659,0.060056,0.065642,0.037709,0.005587,0.005587,0.008380,0.006983
CY037700|A/Kentucky/UR07-0061/2008(H1N1),0.008380,0.058659,0.058659,0.058659,0.047486,0.064246,0.055866,0.023743,0.058659,0.058659,0.057263,0.057263,0.065642,0.009777,0.057263,0.058659,0.044693,0.081006,0.048883,0.057263,0.047486,0.058659,0.000000,0.061453,0.057263,0.064246,0.058659,0.057263,0.055866,0.058659,0.058659,0.057263,0.058659,0.057263,0.026536,0.061972,0.055866,0.051676,0.036313,0.057263,0.058659,0.058659,0.048883,0.055866,0.019553,0.048883,0.041899,0.057263,0.054469,0.057263,0.046089,0.060056,0.048883,0.062937,0.057263,0.057263,0.058659,0.331006,0.048883,0.043296,0.005587,0.057263,0.057263,0.057263,0.047486,0.043296,0.051676,0.048883,0.046089,0.058659,0.047486,0.057263,0.046089,0.055866,0.055866,0.057263,0.057263,0.002793,0.005587,0.057263,0.057263,0.057263,0.054469,0.058659,0.058659,0.013966,0.061453,0.048883,0.058659,0.046089,0.057263,0.033520,0.043296,0.008380,0.047486,0.053073,0.057263,0.057263,0.061453,0.057263
JQ714162|A/Tianjinjinnan/SWL41/2011,0.062849,0.015363,0.015363,0.015363,0.068436,0.019553,0.012570,0.057263,0.015363,0.013966,0.012570,0.012570,0.015363,0.064246,0.012570,0.013966,0.062849,0.096369,0.067039,0.012570,0.062849,0.011173,0.061453,0.000000,0.012570,0.019553,0.013966,0.012570,0.013966,0.011173,0.013966,0.013966,0.011173,0.012570,0.057263,0.016901,0.037709,0.065642,0.055866,0.012570,0.013966,0.011173,0.067039,0.012570,0.053073,0.067039,0.058659,0.012570,0.012570,0.012570,0.064246,0.016760,0.067039,0.020979,0.012570,0.012570,0.015363,0.346369,0.062849,0.064246,0.065642,0.015363,0.011173,0.013966,0.065642,0.062849,0.065642,0.036313,0.064246,0.013966,0.065642,0.012570,0.064246,0.012570,0.041899,0.012570,0.012570,0.062849,0.061453,0.015363,0.015363,0.012570,0.068436,0.013966,0.011173,0.057263,0.013966,0.067039,0.018156,0.064246,0.015363,0.057263,0.058659,0.062849,0.065642,0.040503,0.013966,0.013966,0.016760,0.015363
CY055056|A/California/VRDL71/2009(H1N1),0.058659,0.005587,0.005587,0.005587,0.067039,0.009777,0.002793,0.053073,0.005587,0.004190,0.002793,0.002793,0.011173,0.060056,0.002793,0.004190,0.061453,0.094972,0.064246,0.002793,0.061453,0.004190,0.057263,0.012570,0.000000,0.009777,0.004190,0.002793,0.004190,0.002793,0.004190,0.004190,0.004190,0.002793,0.053073,0.009859,0.033520,0.064246,0.054469,0.002793,0.004190,0.004190,0.065642,0.002793,0.048883,0.065642,0.057263,0.002793,0.002793,0.002793,0.062849,0.006983,0.065642,0.011189,0.002793,0.002793,0.005587,0.346369,0.061453,0.062849,0.061453,0.005587,0.006983,0.004190,0.064246,0.062849,0.064246,0.032123,0.062849,0.004190,0.064246,0.002793,0.062849,0.002793,0.037709,0.002793,0.002793,0.058659,0.057263,0.005587,0.005587,0.002793,0.067039,0.004190,0.004190,0.053073,0.006983,0.065642,0.005587,0.062849,0.005587,0.055866,0.057263,0.058659,0.064246,0.036313,0.004190,0.004190,0.006983,0.005587
KC781292|A/Washington/01/2010,0.065642,0.012570,0.012570,0.012570,0.074022,0.016760,0.009777,0.060056,0.012570,0.011173,0.009777,0.009777,0.018156,0.067039,0.009777,0.011173,0.068436,0.101955,0.071229,0.009777,0.068436,0.011173,0.064246,0.019553,0.009777,0.000000,0.011173,0.009777,0.011173,0.011173,0.011173,0.011173,0.011173,0.009777,0.060056,0.016901,0.040503,0.068436,0.061453,0.009777,0.011173,0.011173,0.072626,0.009777,0.055866,0.072626,0.064246,0.009777,0.009777,0.009777,0.069832,0.013966,0.072626,0.018182,0.009777,0.009777,0.012570,0.353352,0.068436,0.069832,0.068436,0.012570,0.013966,0.011173,0.071229,0.069832,0.071229,0.039106,0.069832,0.011173,0.071229,0.009777,0.069832,0.009777,0.044693,0.009777,0.009777,0.065642,0.064246,0.012570,0.012570,0.009777,0.074022,0.011173,0.011173,0.060056,0.013966,0.072626,0.015363,0.069832,0.012570,0.062849,0.064246,0.065642,0.071229,0.043296,0.008380,0.011173,0.013966,0.012570
CY063112|A/California/VRDL92/2009(H1N1),0.060056,0.006983,0.006983,0.004190,0.068436,0.011173,0.004190,0.054469,0.004190,0.005587,0.004190,0.004190,0.012570,0.061453,0.004190,0.005587,0.062849,0.096369,0.065642,0.004190,0.062849,0.005587,0.058659,0.013966,0.004190,0.011173,0.000000,0.004190,0.005587,0.005587,0.005587,0.005587,0.005587,0.004190,0.054469,0.011268,0.034916,0.065642,0.055866,0.004190,0.005587,0.005587,0.067039,0.004190,0.050279,0.067039,0.058659,0.004190,0.004190,0.004190,0.064246,0.005587,0.067039,0.012587,0.004190,0.004190,0.006983,0.347765,0.062849,0.064246,0.062849,0.006983,0.008380,0.005587,0.064246,0.064246,0.065642,0.033520,0.064246,0.005587,0.065642,0.004190,0.064246,0.004190,0.039106,0.004190,0.004190,0.060056,0.058659,0.004190,0.006983,0.004190,0.068436,0.005587,0.005587,0.054469,0.008380,0.067039,0.006983,0.064246,0.006983,0.057263,0.058659,0.060056,0.065642,0.037709,0.005587,0.005587,0.008380,0.006983
CY054728|A/California/VRDL6/2009(H1N1),0.058659,0.005587,0.005587,0.005587,0.067039,0.009777,0.002793,0.053073,0.005587,0.004190,0.002793,0.002793,0.011173,0.060056,0.002793,0.004190,0.061453,0.093575,0.064246,0.002793,0.061453,0.004190,0.057263,0.012570,0.002793,0.009777,0.004190,0.000000,0.004190,0.004190,0.004190,0.004190,0.004190,0.002793,0.053073,0.009859,0.033520,0.064246,0.054469,0.002793,0.004190,0.004190,0.065642,0.002793,0.048883,0.065642,0.057263,0.002793,0.002793,0.002793,0.062849,0.006983,0.065642,0.011189,0.002793,0.002793,0.005587,0.346369,0.061453,0.062849,0.061453,0.005587,0.006983,0.004190,0.064246,0.062849,0.064246,0.032123,0.062849,0.004190,0.064246,0.002793,0.062849,0.002793,0.036313,0.002793,0.002793,0.058659,0.057263,0.005587,0.005587,0.002793,0.067039,0.004190,0.004190,0.053073,0.006983,0.065642,0.008380,0.062849,0.005587,0.055866,0.057263,0.058659,0.064246,0.034916,0.004190,0.004190,0.006983,0.005587
CY123058|A/Singapore/GP3104/2009,0.057263,0.006983,0.006983,0.006983,0.065642,0.011173,0.004190,0.051676,0.006983,0.005587,0.004190,0.004190,0.012570,0.058659,0.004190,0.005587,0.060056,0.093575,0.062849,0.004190,0.060056,0.005587,0.055866,0.013966,0.004190,0.011173,0.005587,0.004190,0.000000,0.005587,0.005587,0.005587,0.005587,0.004190,0.051676,0.011268,0.034916,0.062849,0.053073,0.004190,0.005587,0.005587,0.064246,0.004190,0.047486,0.064246,0.055866,0.004190,0.004190,0.004190,0.061453,0.008380,0.064246,0.012587,0.004190,0.004190,0.006983,0.344972,0.060056,0.061453,0.060056,0.006983,0.008380,0.005587,0.062849,0.061453,0.062849,0.033520,0.061453,0.005587,0.062849,0.004190,0.061453,0.004190,0.039106,0.004190,0.004190,0.057263,0.055866,0.006983,0.006983,0.004190,0.065642,0.005587,0.005587,0.051676,0.008380,0.064246,0.008380,0.061453,0.006983,0.054469,0.055866,0.057263,0.062849,0.037709,0.005587,0.005587,0.008380,0.006983
CY052564|A/Texas/45122722/2009(H1N1),0.060056,0.006983,0.006983,0.006983,0.065642,0.011173,0.004190,0.054469,0.006983,0.005587,0.004190,0.004190,0.012570,0.061453,0.004190,0.005587,0.060056,0.093575,0.062849,0.004190,0.060056,0.005587,0.058659,0.011173,0.002793,0.011173,0.005587,0.004190,0.005587,0.000000,0.005587,0.005587,0.005587,0.004190,0.054469,0.011268,0.034916,0.062849,0.053073,0.004190,0.005587,0.002793,0.064246,0.004190,0.050279,0.064246,0.055866,0.004190,0.004190,0.004190,0.061453,0.008380,0.064246,0.012587,0.004190,0.004190,0.006983,0.344972,0.060056,0.061453,0.062849,0.006983,0.008380,0.005587,0.062849,0.061453,0.062849,0.033520,0.061453,0.005587,0.062849,0.004190,0.061453,0.004190,0.039106,0.004190,0.004190,0.060056,0.058659,0.006983,0.006983,0.004190,0.065642,0.005587,0.005587,0.054469,0.008380,0.064246,0.008380,0.061453,0.006983,0.054469,0.055866,0.060056,0.062849,0.037709,0.005587,0.005587,0.008380,0.006983
CY107438|A/Scotland/Perth_09V502475/2009,0.060056,0.006983,0.006983,0.006983,0.068436,0.011173,0.004190,0.054469,0.006983,0.005587,0.004190,0.004190,0.012570,0.061453,0.004190,0.005587,0.062849,0.096369,0.065642,0.004190,0.062849,0.005587,0.058659,0.013966,0.004190,0.011173,0.005587,0.004190,0.005587,0.005587,0.000000,0.005587,0.005587,0.004190,0.054469,0.011268,0.034916,0.065642,0.055866,0.004190,0.005587,0.005587,0.067039,0.004190,0.050279,0.067039,0.058659,0.004190,0.004190,0.004190,0.064246,0.008380,0.067039,0.012587,0.004190,0.004190,0.006983,0.346369,0.062849,0.064246,0.062849,0.006983,0.008380,0.005587,0.065642,0.064246,0.065642,0.033520,0.064246,0.005587,0.065642,0.004190,0.064246,0.004190,0.039106,0.004190,0.004190,0.060056,0.058659,0.006983,0.006983,0.004190,0.068436,0.005587,0.005587,0.054469,0.008380,0.067039,0.009777,0.064246,0.006983,0.057263,0.058659,0.060056,0.065642,0.037709,0.005587,0.005587,0.008380,0.006983
CY092909|A/Georgia/NHRC0001/2011,0.058659,0.001397,0.001397,0.006983,0.067039,0.011173,0.004190,0.053073,0.005587,0.005587,0.004190,0.004190,0.012570,0.060056,0.004190,0.005587,0.061453,0.094972,0.064246,0.004190,0.058659,0.005587,0.057263,0.013966,0.004190,0.011173,0.005587,0.004190,0.005587,0.005587,0.005587,0.000000,0.005587,0.004190,0.053073,0.008451,0.034916,0.064246,0.054469,0.004190,0.005587,0.005587,0.065642,0.004190,0.048883,0.065642,0.057263,0.004190,0.004190,0.004190,0.062849,0.008380,0.065642,0.012587,0.004190,0.004190,0.004190,0.346369,0.061453,0.062849,0.061453,0.004190,0.008380,0.002793,0.064246,0.062849,0.064246,0.033520,0.062849,0.005587,0.064246,0.004190,0.062849,0.004190,0.039106,0.004190,0.004190,0.058659,0.057263,0.006983,0.006983,0.004190,0.067039,0.005587,0.005587,0.053073,0.008380,0.065642,0.009777,0.062849,0.004190,0.055866,0.057263,0.058659,0.064246,0.037709,0.005587,0.002793,0.008380,0.006983
CY064785|A/Barcelona/INS190/2009(H1N1),0.060056,0.006983,0.006983,0.006983,0.068436,0.011173,0.004190,0.054469,0.006983,0.005587,0.004190,0.004190,0.012570,0.061453,0.004190,0.005587,0.062849,0.096369,0.065642,0.004190,0.062849,0.005587,0.058659,0.011173,0.004190,0.011173,0.005587,0.004190,0.005587,0.005587,0.005587,0.005587,0.000000,0.004190,0.054469,0.008451,0.034916,0.065642,0.055866,0.004190,0.005587,0.005587,0.067039,0.004190,0.050279,0.067039,0.058659,0.004190,0.004190,0.004190,0.064246,0.008380,0.067039,0.012587,0.004190,0.004190,0.006983,0.346369,0.062849,0.064246,0.062849,0.006983,0.008380,0.005587,0.065642,0.064246,0.065642,0.033520,0.064246,0.005587,0.065642,0.004190,0.064246,0.004190,0.039106,0.004190,0.004190,0.060056,0.058659,0.006983,0.006983,0.004190,0.068436,0.005587,0.005587,0.054469,0.008380,0.067039,0.009777,0.064246,0.006983,0.057263,0.058659,0.060056,0.065642,0.037709,0.005587,0.005587,0.008380,0.006983
CY107533|A/Scotland/Edinburgh_23151/2009,0.058659,0.005587,0.005587,0.005587,0.067039,0.009777,0.002793,0.053073,0.005587,0.002793,0.002793,0.002793,0.011173,0.060056,0.002793,0.004190,0.061453,0.094972,0.064246,0.002793,0.061453,0.004190,0.057263,0.012570,0.002793,0.009777,0.004190,0.002793,0.004190,0.004190,0.004190,0.004190,0.004190,0.000000,0.053073,0.009859,0.033520,0.064246,0.054469,0.002793,0.004190,0.004190,0.065642,0.002793,0.048883,0.065642,0.057263,0.002793,0.002793,0.002793,0.062849,0.006983,0.065642,0.011189,0.002793,0.002793,0.005587,0.346369,0.061453,0.062849,0.061453,0.005587,0.006983,0.004190,0.064246,0.062849,0.064246,0.032123,0.062849,0.004190,0.064246,0.002793,0.062849,0.002793,0.037709,0.002793,0.002793,0.058659,0.057263,0.005587,0.005587,0.002793,0.067039,0.004190,0.004190,0.053073,0.006983,0.065642,0.008380,0.062849,0.005587,0.055866,0.057263,0.058659,0.064246,0.036313,0.004190,0.004190,0.006983,0.005587
CY077740|A/Netherlands/001M/1958,0.030726,0.054469,0.054469,0.054469,0.036313,0.060056,0.051676,0.008380,0.054469,0.054469,0.053073,0.053073,0.061453,0.032123,0.053073,0.054469,0.030726,0.067039,0.034916,0.053073,0.027933,0.054469,0.026536,0.057263,0.053073,0.060056,0.054469,0.053073,0.051676,0.054469,0.054469,0.053073,0.054469,0.053073,0.000000,0.059155,0.050279,0.036313,0.016760,0.053073,0.054469,0.054469,0.034916,0.051676,0.009777,0.034916,0.022346,0.051676,0.050279,0.053073,0.032123,0.055866,0.034916,0.061538,0.053073,0.053073,0.054469,0.321229,0.033520,0.026536,0.030726,0.054469,0.053073,0.053073,0.033520,0.026536,0.037709,0.046089,0.032123,0.054469,0.033520,0.053073,0.032123,0.051676,0.054469,0.053073,0.053073,0.027933,0.030726,0.053073,0.054469,0.053073,0.039106,0.054469,0.054469,0.022346,0.057263,0.034916,0.054469,0.032123,0.054469,0.013966,0.023743,0.030726,0.033520,0.050279,0.054469,0.053073,0.057263,0.053073
CY098019|A/Moscow/WRAIR4305T/2011,0.063380,0.009859,0.009859,0.012676,0.071831,0.016901,0.009859,0.059155,0.011268,0.011268,0.009859,0.009859,0.018310,0.064789,0.009859,0.011268,0.066197,0.100000,0.069014,0.009859,0.067606,0.011268,0.061972,0.016901,0.009859,0.016901,0.011268,0.009859,0.011268,0.011268,0.011268,0.008451,0.008451,0.009859,0.059155,0.000000,0.040845,0.069014,0.060563,0.009859,0.011268,0.011268,0.070423,0.009859,0.054930,0.070423,0.063380,0.009859,0.009859,0.009859,0.067606,0.014085,0.070423,0.018310,0.009859,0.009859,0.009859,0.353521,0.066197,0.069014,0.066197,0.007042,0.014085,0.008451,0.069014,0.069014,0.069014,0.039437,0.067606,0.011268,0.069014,0.009859,0.067606,0.009859,0.042254,0.009859,0.009859,0.063380,0.061972,0.012676,0.012676,0.009859,0.071831,0.011268,0.011268,0.059155,0.014085,0.070423,0.015493,0.067606,0.007042,0.061972,0.063380,0.063380,0.069014,0.043662,0.011268,0.008451,0.014085,0.012676
CY098596|A/Fujian/1/2005,0.060056,0.036313,0.036313,0.036313,0.062849,0.040503,0.032123,0.050279,0.036313,0.034916,0.033520,0.033520,0.041899,0.061453,0.033520,0.034916,0.057263,0.090782,0.061453,0.033520,0.061453,0.034916,0.055866,0.037709,0.033520,0.040503,0.034916,0.033520,0.034916,0.034916,0.034916,0.034916,0.034916,0.033520,0.050279,0.040845,0.000000,0.065642,0.053073,0.033520,0.034916,0.032123,0.058659,0.032123,0.046089,0.061453,0.057263,0.033520,0.032123,0.033520,0.058659,0.037709,0.061453,0.040559,0.033520,0.033520,0.036313,0.343575,0.062849,0.061453,0.060056,0.036313,0.033520,0.034916,0.060056,0.061453,0.065642,0.022346,0.058659,0.034916,0.060056,0.033520,0.058659,0.033520,0.032123,0.033520,0.033520,0.057263,0.055866,0.034916,0.034916,0.033520,0.068436,0.034916,0.034916,0.051676,0.037709,0.061453,0.036313,0.058659,0.036313,0.054469,0.057263,0.060056,0.060056,0.029330,0.034916,0.034916,0.037709,0.034916
CY112946|A/Netherlands/1/2002,0.055866,0.065642,0.065642,0.067039,0.020950,0.071229,0.062849,0.039106,0.065642,0.065642,0.064246,0.064246,0.072626,0.057263,0.064246,0.065642,0.016760,0.050279,0.019553,0.064246,0.027933,0.065642,0.051676,0.065642,0.064246,0.068436,0.065642,0.064246,0.062849,0.062849,0.065642,0.064246,0.065642,0.064246,0.036313,0.069014,0.065642,0.000000,0.025140,0.064246,0.065642,0.062849,0.019553,0.062849,0.040503,0.016760,0.022346,0.064246,0.061453,0.064246,0.016760,0.068436,0.019553,0.071329,0.064246,0.064246,0.065642,0.308659,0.002793,0.019553,0.055866,0.064246,0.062849,0.064246,0.018156,0.016760,0.004190,0.064246,0.018156,0.065642,0.015363,0.064246,0.016760,0.062849,0.065642,0.064246,0.064246,0.053073,0.053073,0.065642,0.065642,0.064246,0.005587,0.065642,0.065642,0.051676,0.067039,0.019553,0.065642,0.016760,0.064246,0.026536,0.023743,0.055866,0.018156,0.065642,0.065642,0.064246,0.068436,0.064246
CY113298|A/Netherlands/241/1982,0.043296,0.055866,0.055866,0.055866,0.026536,0.061453,0.053073,0.020950,0.055866,0.055866,0.054469,0.054469,0.062849,0.044693,0.054469,0.055866,0.020950,0.057263,0.025140,0.054469,0.015363,0.055866,0.036313,0.055866,0.054469,0.061453,0.055866,0.054469,0.053073,0.053073,0.055866,0.054469,0.055866,0.054469,0.016760,0.060563,0.053073,0.025140,0.000000,0.054469,0.055866,0.053073,0.025140,0.053073,0.022346,0.025140,0.009777,0.054469,0.051676,0.054469,0.022346,0.057263,0.025140,0.062937,0.054469,0.054469,0.055866,0.314246,0.022346,0.013966,0.040503,0.055866,0.054469,0.054469,0.023743,0.013966,0.026536,0.051676,0.023743,0.055866,0.023743,0.054469,0.022346,0.053073,0.060056,0.054469,0.054469,0.037709,0.040503,0.054469,0.055866,0.054469,0.027933,0.055866,0.055866,0.032123,0.058659,0.025140,0.055866,0.022346,0.055866,0.005587,0.011173,0.043296,0.023743,0.055866,0.055866,0.054469,0.058659,0.054469
CY066956|A/Aarhus/INS238/2009(H1N1),0.058659,0.005587,0.005587,0.005587,0.067039,0.009777,0.002793,0.053073,0.005587,0.004190,0.002793,0.002793,0.011173,0.060056,0.002793,0.004190,0.061453,0.094972,0.064246,0.002793,0.061453,0.004190,0.057263,0.012570,0.002793,0.009777,0.004190,0.002793,0.004190,0.004190,0.004190,0.004190,0.004190,0.002793,0.053073,0.009859,0.033520,0.064246,0.054469,0.000000,0.004190,0.004190,0.065642,0.002793,0.048883,0.065642,0.057263,0.002793,0.002793,0.002793,0.062849,0.006983,0.065642,0.011189,0.002793,0.002793,0.005587,0.344972,0.061453,0.062849,0.061453,0.005587,0.006983,0.004190,0.064246,0.062849,0.064246,0.032123,0.062849,0.004190,0.064246,0.002793,0.062849,0.002793,0.037709,0.002793,0.002793,0.058659,0.057263,0.005587,0.005587,0.002793,0.067039,0.004190,0.004190,0.053073,0.006983,0.065642,0.008380,0.062849,0.005587,0.055866,0.057263,0.058659,0.062849,0.036313,0.004190,0.004190,0.006983,0.005587
CY107388|A/Scotland/StAndrews_09V500630/2009,0.060056,0.006983,0.006983,0.006983,0.068436,0.011173,0.004190,0.054469,0.006983,0.005587,0.004190,0.004190,0.012570,0.061453,0.004190,0.005587,0.062849,0.096369,0.065642,0.004190,0.062849,0.005587,0.058659,0.013966,0.004190,0.011173,0.005587,0.004190,0.005587,0.005587,0.005587,0.005587,0.005587,0.004190,0.054469,0.011268,0.034916,0.065642,0.055866,0.004190,0.000000,0.005587,0.067039,0.004190,0.050279,0.067039,0.058659,0.004190,0.004190,0.004190,0.064246,0.008380,0.067039,0.012587,0.004190,0.004190,0.006983,0.344972,0.062849,0.064246,0.062849,0.006983,0.008380,0.005587,0.065642,0.064246,0.065642,0.033520,0.064246,0.005587,0.065642,0.002793,0.064246,0.004190,0.039106,0.004190,0.004190,0.060056,0.058659,0.006983,0.006983,0.004190,0.068436,0.005587,0.005587,0.054469,0.008380,0.067039,0.009777,0.064246,0.006983,0.057263,0.058659,0.060056,0.065642,0.037709,0.005587,0.005587,0.008380,0.006983
CY069143|A/Madrid/INS300/2009(H1N1),0.060056,0.006983,0.006983,0.006983,0.065642,0.011173,0.004190,0.054469,0.006983,0.005587,0.004190,0.004190,0.012570,0.061453,0.004190,0.005587,0.060056,0.093575,0.062849,0.004190,0.060056,0.005587,0.058659,0.011173,0.004190,0.011173,0.005587,0.004190,0.005587,0.002793,0.005587,0.005587,0.005587,0.004190,0.054469,0.011268,0.032123,0.062849,0.053073,0.004190,0.005587,0.000000,0.061453,0.004190,0.050279,0.064246,0.055866,0.004190,0.004190,0.004190,0.061453,0.008380,0.064246,0.012587,0.004190,0.004190,0.006983,0.344972,0.060056,0.061453,0.062849,0.006983,0.008380,0.005587,0.062849,0.061453,0.062849,0.030726,0.061453,0.005587,0.062849,0.004190,0.061453,0.004190,0.036313,0.004190,0.004190,0.060056,0.058659,0.006983,0.006983,0.004190,0.065642,0.005587,0.005587,0.054469,0.008380,0.064246,0.009777,0.061453,0.006983,0.054469,0.055866,0.060056,0.062849,0.034916,0.005587,0.005587,0.008380,0.006983
CY068198|A/California/VRDL169/2009(H3N2),0.053073,0.067039,0.067039,0.068436,0.009777,0.072626,0.064246,0.037709,0.067039,0.067039,0.065642,0.065642,0.074022,0.054469,0.065642,0.067039,0.005587,0.040503,0.008380,0.065642,0.030726,0.067039,0.048883,0.067039,0.065642,0.072626,0.067039,0.065642,0.064246,0.064246,0.067039,0.065642,0.067039,0.065642,0.034916,0.070423,0.058659,0.019553,0.025140,0.065642,0.067039,0.061453,0.000000,0.064246,0.037709,0.008380,0.025140,0.065642,0.062849,0.065642,0.005587,0.069832,0.008380,0.072727,0.065642,0.065642,0.067039,0.301676,0.019553,0.022346,0.053073,0.065642,0.064246,0.065642,0.006983,0.022346,0.020950,0.054469,0.006983,0.067039,0.006983,0.065642,0.008380,0.064246,0.058659,0.065642,0.065642,0.050279,0.050279,0.067039,0.067039,0.065642,0.022346,0.067039,0.067039,0.048883,0.069832,0.008380,0.067039,0.005587,0.065642,0.027933,0.026536,0.053073,0.012570,0.058659,0.067039,0.065642,0.069832,0.065642
CY065805|A/Netherlands/2445b/2009,0.058659,0.005587,0.005587,0.005587,0.065642,0.009777,0.002793,0.051676,0.005587,0.004190,0.002793,0.002793,0.011173,0.060056,0.002793,0.004190,0.060056,0.093575,0.062849,0.002793,0.060056,0.004190,0.055866,0.012570,0.002793,0.009777,0.004190,0.002793,0.004190,0.004190,0.004190,0.004190,0.004190,0.002793,0.051676,0.009859,0.032123,0.062849,0.053073,0.002793,0.004190,0.004190,0.064246,0.000000,0.047486,0.064246,0.055866,0.002793,0.002793,0.002793,0.061453,0.006983,0.064246,0.011189,0.002793,0.002793,0.005587,0.344972,0.060056,0.061453,0.060056,0.005587,0.006983,0.004190,0.062849,0.061453,0.062849,0.032123,0.061453,0.004190,0.062849,0.002793,0.061453,0.002793,0.037709,0.002793,0.002793,0.057263,0.055866,0.005587,0.005587,0.002793,0.065642,0.004190,0.004190,0.051676,0.006983,0.064246,0.008380,0.061453,0.005587,0.054469,0.055866,0.058659,0.062849,0.036313,0.004190,0.004190,0.006983,0.005587
CY077724|A/Netherlands/001H1/1954,0.026536,0.050279,0.050279,0.050279,0.039106,0.055866,0.047486,0.009777,0.050279,0.050279,0.048883,0.048883,0.057263,0.027933,0.048883,0.050279,0.033520,0.069832,0.037709,0.048883,0.033520,0.050279,0.019553,0.053073,0.048883,0.055866,0.050279,0.048883,0.047486,0.050279,0.050279,0.048883,0.050279,0.048883,0.009777,0.054930,0.046089,0.040503,0.022346,0.048883,0.050279,0.050279,0.037709,0.047486,0.000000,0.037709,0.027933,0.048883,0.046089,0.048883,0.034916,0.051676,0.037709,0.057343,0.048883,0.048883,0.050279,0.322626,0.037709,0.032123,0.023743,0.050279,0.048883,0.048883,0.036313,0.032123,0.041899,0.039106,0.034916,0.050279,0.036313,0.048883,0.034916,0.047486,0.047486,0.048883,0.048883,0.020950,0.023743,0.048883,0.050279,0.048883,0.043296,0.050279,0.050279,0.015363,0.053073,0.037709,0.050279,0.034916,0.050279,0.019553,0.029330,0.026536,0.036313,0.043296,0.050279,0.048883,0.053073,0.048883
CY068134|A/California/VRDL396/2009(H3N2),0.053073,0.067039,0.067039,0.068436,0.006983,0.072626,0.064246,0.037709,0.067039,0.067039,0.065642,0.065642,0.074022,0.054469,0.065642,0.067039,0.005587,0.037709,0.008380,0.065642,0.030726,0.067039,0.048883,0.067039,0.065642,0.072626,0.067039,0.065642,0.064246,0.064246,0.067039,0.065642,0.067039,0.065642,0.034916,0.070423,0.061453,0.016760,0.025140,0.065642,0.067039,0.064246,0.008380,0.064246,0.037709,0.000000,0.025140,0.065642,0.062849,0.065642,0.005587,0.069832,0.005587,0.072727,0.065642,0.065642,0.067039,0.301676,0.016760,0.022346,0.053073,0.065642,0.064246,0.065642,0.004190,0.022346,0.018156,0.057263,0.006983,0.067039,0.004190,0.065642,0.002793,0.064246,0.061453,0.065642,0.065642,0.050279,0.050279,0.067039,0.067039,0.065642,0.019553,0.067039,0.067039,0.048883,0.069832,0.005587,0.067039,0.005587,0.065642,0.027933,0.026536,0.053073,0.006983,0.061453,0.067039,0.065642,0.069832,0.065642
CY077854|A/Netherlands/620/1989,0.048883,0.058659,0.058659,0.060056,0.026536,0.064246,0.055866,0.025140,0.058659,0.058659,0.057263,0.057263,0.065642,0.050279,0.057263,0.058659,0.020950,0.057263,0.025140,0.057263,0.005587,0.058659,0.041899,0.058659,0.057263,0.064246,0.058659,0.057263,0.055866,0.055866,0.058659,0.057263,0.058659,0.057263,0.022346,0.063380,0.057263,0.022346,0.009777,0.057263,0.058659,0.055866,0.025140,0.055866,0.027933,0.025140,0.000000,0.057263,0.054469,0.057263,0.022346,0.061453,0.025140,0.065734,0.057263,0.057263,0.058659,0.311453,0.019553,0.008380,0.046089,0.058659,0.058659,0.057263,0.023743,0.008380,0.023743,0.055866,0.023743,0.058659,0.023743,0.057263,0.022346,0.055866,0.061453,0.057263,0.057263,0.043296,0.046089,0.058659,0.058659,0.057263,0.025140,0.058659,0.058659,0.036313,0.060056,0.025140,0.058659,0.022346,0.058659,0.012570,0.001397,0.048883,0.023743,0.060056,0.058659,0.057263,0.061453,0.057263
CY044203|A/Taiwan/T1338/2009(H1N1),0.057263,0.005587,0.005587,0.005587,0.067039,0.009777,0.002793,0.053073,0.005587,0.004190,0.002793,0.002793,0.011173,0.058659,0.002793,0.004190,0.061453,0.094972,0.064246,0.002793,0.061453,0.004190,0.057263,0.012570,0.002793,0.009777,0.004190,0.002793,0.004190,0.004190,0.004190,0.004190,0.004190,0.002793,0.051676,0.009859,0.033520,0.064246,0.054469,0.002793,0.004190,0.004190,0.065642,0.002793,0.048883,0.065642,0.057263,0.000000,0.002793,0.002793,0.062849,0.006983,0.065642,0.011189,0.002793,0.002793,0.005587,0.346369,0.061453,0.062849,0.061453,0.005587,0.006983,0.004190,0.064246,0.062849,0.064246,0.032123,0.062849,0.004190,0.064246,0.002793,0.062849,0.002793,0.037709,0.002793,0.002793,0.058659,0.057263,0.005587,0.005587,0.002793,0.067039,0.004190,0.004190,0.053073,0.006983,0.065642,0.008380,0.062849,0.005587,0.055866,0.057263,0.057263,0.064246,0.036313,0.004190,0.004190,0.006983,0.005587
CY115867|A/Netherlands/947b/2009,0.055866,0.005587,0.005587,0.005587,0.064246,0.009777,0.002793,0.050279,0.005587,0.004190,0.002793,0.002793,0.011173,0.057263,0.002793,0.004190,0.058659,0.092179,0.061453,0.002793,0.058659,0.004190,0.054469,0.012570,0.002793,0.009777,0.004190,0.002793,0.004190,0.004190,0.004190,0.004190,0.004190,0.002793,0.050279,0.009859,0.032123,0.061453,0.051676,0.002793,0.004190,0.004190,0.062849,0.002793,0.046089,0.062849,0.054469,0.002793,0.000000,0.002793,0.060056,0.006983,0.062849,0.011189,0.002793,0.002793,0.005587,0.344972,0.058659,0.060056,0.058659,0.005587,0.006983,0.004190,0.061453,0.060056,0.061453,0.029330,0.060056,0.004190,0.061453,0.002793,0.060056,0.002793,0.037709,0.002793,0.002793,0.055866,0.054469,0.005587,0.005587,0.002793,0.064246,0.004190,0.004190,0.050279,0.006983,0.062849,0.008380,0.060056,0.005587,0.053073,0.054469,0.055866,0.061453,0.033520,0.004190,0.004190,0.006983,0.002793
CY052900|A/Texas/45102952/2009(H1N1),0.058659,0.005587,0.005587,0.005587,0.067039,0.009777,0.002793,0.053073,0.005587,0.004190,0.002793,0.002793,0.011173,0.060056,0.002793,0.004190,0.061453,0.094972,0.064246,0.002793,0.061453,0.004190,0.057263,0.012570,0.002793,0.009777,0.004190,0.002793,0.004190,0.004190,0.004190,0.004190,0.004190,0.002793,0.053073,0.009859,0.033520,0.064246,0.054469,0.002793,0.004190,0.004190,0.065642,0.002793,0.048883,0.065642,0.057263,0.002793,0.002793,0.000000,0.062849,0.006983,0.065642,0.011189,0.002793,0.002793,0.005587,0.344972,0.061453,0.062849,0.061453,0.005587,0.006983,0.004190,0.064246,0.062849,0.064246,0.032123,0.062849,0.004190,0.064246,0.002793,0.062849,0.002793,0.037709,0.002793,0.002793,0.058659,0.057263,0.005587,0.005587,0.002793,0.067039,0.004190,0.004190,0.053073,0.006983,0.065642,0.008380,0.062849,0.005587,0.055866,0.057263,0.058659,0.064246,0.036313,0.004190,0.004190,0.006983,0.005587
CY037652|A/Kentucky/UR07-0164/2008(H3N2),0.050279,0.064246,0.064246,0.065642,0.006983,0.069832,0.061453,0.033520,0.064246,0.064246,0.062849,0.062849,0.071229,0.051676,0.062849,0.064246,0.002793,0.037709,0.005587,0.062849,0.027933,0.064246,0.046089,0.064246,0.062849,0.069832,0.064246,0.062849,0.061453,0.061453,0.064246,0.062849,0.064246,0.062849,0.032123,0.067606,0.058659,0.016760,0.022346,0.062849,0.064246,0.061453,0.005587,0.061453,0.034916,0.005587,0.022346,0.062849,0.060056,0.062849,0.000000,0.067039,0.005587,0.069930,0.062849,0.062849,0.064246,0.297486,0.016760,0.019553,0.050279,0.062849,0.061453,0.062849,0.004190,0.019553,0.018156,0.054469,0.004190,0.064246,0.004190,0.062849,0.005587,0.061453,0.058659,0.062849,0.062849,0.047486,0.047486,0.064246,0.064246,0.062849,0.019553,0.064246,0.064246,0.046089,0.067039,0.005587,0.064246,0.002793,0.062849,0.025140,0.023743,0.050279,0.009777,0.058659,0.064246,0.062849,0.067039,0.062849
CY066308|A/California/VRDL116/2009(H1N1),0.058659,0.009777,0.009777,0.004190,0.071229,0.013966,0.006983,0.055866,0.006983,0.008380,0.006983,0.006983,0.015363,0.060056,0.006983,0.008380,0.065642,0.099162,0.068436,0.006983,0.065642,0.008380,0.060056,0.016760,0.006983,0.013966,0.005587,0.006983,0.008380,0.008380,0.008380,0.008380,0.008380,0.006983,0.055866,0.014085,0.037709,0.068436,0.057263,0.006983,0.008380,0.008380,0.069832,0.006983,0.051676,0.069832,0.061453,0.006983,0.006983,0.006983,0.067039,0.000000,0.069832,0.015385,0.006983,0.006983,0.009777,0.349162,0.065642,0.067039,0.064246,0.009777,0.011173,0.008380,0.068436,0.067039,0.068436,0.036313,0.067039,0.008380,0.068436,0.006983,0.067039,0.006983,0.041899,0.006983,0.006983,0.061453,0.057263,0.004190,0.009777,0.006983,0.071229,0.008380,0.008380,0.053073,0.011173,0.069832,0.009777,0.067039,0.009777,0.058659,0.061453,0.058659,0.068436,0.040503,0.008380,0.008380,0.011173,0.009777
CY068731|A/California/VRDL196/2009(H3N2),0.053073,0.067039,0.067039,0.068436,0.006983,0.071229,0.064246,0.037709,0.067039,0.067039,0.065642,0.065642,0.074022,0.054469,0.065642,0.067039,0.005587,0.037709,0.008380,0.065642,0.030726,0.067039,0.048883,0.067039,0.065642,0.072626,0.067039,0.065642,0.064246,0.064246,0.067039,0.065642,0.067039,0.065642,0.034916,0.070423,0.061453,0.019553,0.025140,0.065642,0.067039,0.064246,0.008380,0.064246,0.037709,0.005587,0.025140,0.065642,0.062849,0.065642,0.005587,0.069832,0.000000,0.072727,0.065642,0.065642,0.067039,0.301676,0.019553,0.022346,0.053073,0.065642,0.064246,0.065642,0.004190,0.022346,0.020950,0.057263,0.006983,0.067039,0.004190,0.065642,0.005587,0.064246,0.061453,0.065642,0.065642,0.050279,0.050279,0.067039,0.067039,0.065642,0.022346,0.067039,0.067039,0.048883,0.069832,0.005587,0.067039,0.005587,0.065642,0.027933,0.026536,0.053073,0.009777,0.061453,0.067039,0.065642,0.069832,0.065642
CY083119|A/Quito/WRAIR0617T/2009(H1N1),0.064336,0.013986,0.013986,0.013986,0.074126,0.018182,0.011189,0.061538,0.013986,0.012587,0.011189,0.011189,0.019580,0.065734,0.008392,0.012587,0.068531,0.102098,0.071329,0.011189,0.069930,0.012587,0.062937,0.020979,0.011189,0.018182,0.012587,0.011189,0.012587,0.012587,0.012587,0.012587,0.012587,0.011189,0.061538,0.018310,0.040559,0.071329,0.062937,0.011189,0.012587,0.012587,0.072727,0.011189,0.057343,0.072727,0.065734,0.011189,0.011189,0.011189,0.069930,0.015385,0.072727,0.000000,0.011189,0.011189,0.013986,0.352448,0.068531,0.071329,0.067133,0.012587,0.015385,0.012587,0.071329,0.071329,0.071329,0.040559,0.069930,0.012587,0.071329,0.011189,0.069930,0.011189,0.044755,0.011189,0.011189,0.064336,0.062937,0.013986,0.013986,0.011189,0.074126,0.012587,0.012587,0.061538,0.015385,0.072727,0.016783,0.069930,0.012587,0.064336,0.065734,0.064336,0.071329,0.044755,0.012587,0.012587,0.015385,0.013986
CY051124|A/Wisconsin/629-D00916/2009(H1N1),0.058659,0.005587,0.005587,0.005587,0.067039,0.009777,0.002793,0.053073,0.005587,0.004190,0.002793,0.002793,0.011173,0.060056,0.002793,0.004190,0.061453,0.094972,0.064246,0.002793,0.061453,0.004190,0.057263,0.012570,0.002793,0.009777,0.004190,0.002793,0.004190,0.004190,0.004190,0.004190,0.004190,0.002793,0.053073,0.009859,0.033520,0.064246,0.054469,0.002793,0.004190,0.004190,0.065642,0.002793,0.048883,0.065642,0.057263,0.002793,0.002793,0.002793,0.062849,0.006983,0.065642,0.011189,0.000000,0.002793,0.005587,0.346369,0.061453,0.062849,0.061453,0.005587,0.006983,0.004190,0.064246,0.062849,0.064246,0.032123,0.062849,0.004190,0.064246,0.002793,0.062849,0.002793,0.037709,0.002793,0.002793,0.058659,0.057263,0.005587,0.005587,0.002793,0.067039,0.004190,0.004190,0.053073,0.006983,0.065642,0.008380,0.062849,0.005587,0.055866,0.057263,0.058659,0.064246,0.036313,0.004190,0.004190,0.006983,0.005587
CY071497|A/California/WR1316P/2009(H1N1),0.058659,0.005587,0.005587,0.005587,0.067039,0.009777,0.002793,0.053073,0.005587,0.004190,0.002793,0.002793,0.011173,0.060056,0.002793,0.004190,0.061453,0.094972,0.064246,0.002793,0.061453,0.004190,0.057263,0.012570,0.002793,0.009777,0.004190,0.002793,0.004190,0.004190,0.004190,0.004190,0.004190,0.002793,0.053073,0.009859,0.033520,0.064246,0.054469,0.002793,0.004190,0.004190,0.065642,0.002793,0.048883,0.065642,0.057263,0.002793,0.002793,0.002793,0.062849,0.006983,0.065642,0.011189,0.002793,0.000000,0.005587,0.346369,0.061453,0.062849,0.061453,0.005587,0.006983,0.004190,0.064246,0.062849,0.064246,0.032123,0.062849,0.004190,0.064246,0.002793,0.062849,0.002793,0.037709,0.002793,0.002793,0.058659,0.057263,0.005587,0.005587,0.002793,0.067039,0.004190,0.004190,0.053073,0.006983,0.065642,0.008380,0.062849,0.005587,0.055866,0.057263,0.058659,0.064246,0.036313,0.004190,0.004190,0.006983,0.005587
CY092398|A/Sydney/DD3-32/2010,0.060056,0.005587,0.005587,0.008380,0.068436,0.012570,0.005587,0.054469,0.006983,0.006983,0.005587,0.005587,0.013966,0.061453,0.005587,0.006983,0.062849,0.096369,0.065642,0.005587,0.062849,0.006983,0.058659,0.015363,0.005587,0.012570,0.006983,0.005587,0.006983,0.006983,0.006983,0.004190,0.006983,0.005587,0.054469,0.009859,0.036313,0.065642,0.055866,0.005587,0.006983,0.006983,0.067039,0.005587,0.050279,0.067039,0.058659,0.005587,0.005587,0.005587,0.064246,0.009777,0.067039,0.013986,0.005587,0.005587,0.000000,0.346369,0.062849,0.064246,0.062849,0.005587,0.009777,0.004190,0.065642,0.064246,0.065642,0.034916,0.064246,0.006983,0.065642,0.005587,0.064246,0.005587,0.040503,0.005587,0.005587,0.060056,0.058659,0.008380,0.008380,0.005587,0.068436,0.006983,0.006983,0.054469,0.009777,0.067039,0.011173,0.064246,0.005587,0.057263,0.058659,0.060056,0.065642,0.039106,0.006983,0.004190,0.009777,0.008380
CY117564|A/Boston/DOA31/2011(mixed),0.335196,0.346369,0.346369,0.349162,0.303073,0.353352,0.344972,0.322626,0.347765,0.344972,0.346369,0.346369,0.350559,0.336592,0.344972,0.346369,0.298883,0.333799,0.301676,0.346369,0.317039,0.344972,0.331006,0.346369,0.346369,0.353352,0.347765,0.346369,0.344972,0.344972,0.346369,0.346369,0.346369,0.346369,0.321229,0.353521,0.343575,0.308659,0.314246,0.344972,0.344972,0.344972,0.301676,0.344972,0.322626,0.301676,0.311453,0.346369,0.344972,0.344972,0.297486,0.349162,0.301676,0.352448,0.346369,0.346369,0.346369,0.000000,0.308659,0.307263,0.332402,0.346369,0.343575,0.346369,0.300279,0.310056,0.310056,0.339385,0.298883,0.346369,0.300279,0.344972,0.301676,0.344972,0.342179,0.344972,0.346369,0.332402,0.331006,0.347765,0.344972,0.344972,0.308659,0.346369,0.346369,0.332402,0.347765,0.300279,0.346369,0.297486,0.346369,0.314246,0.312849,0.335196,0.304469,0.343575,0.346369,0.344972,0.349162,0.346369
CY118280|A/Malaysia/25750/2003,0.053073,0.062849,0.062849,0.064246,0.020950,0.068436,0.060056,0.036313,0.062849,0.062849,0.061453,0.061453,0.069832,0.054469,0.061453,0.062849,0.016760,0.050279,0.019553,0.061453,0.025140,0.062849,0.048883,0.062849,0.061453,0.068436,0.062849,0.061453,0.060056,0.060056,0.062849,0.061453,0.062849,0.061453,0.033520,0.066197,0.062849,0.002793,0.022346,0.061453,0.062849,0.060056,0.019553,0.060056,0.037709,0.016760,0.019553,0.061453,0.058659,0.061453,0.016760,0.065642,0.019553,0.068531,0.061453,0.061453,0.062849,0.308659,0.000000,0.019553,0.053073,0.061453,0.060056,0.061453,0.018156,0.016760,0.004190,0.061453,0.018156,0.062849,0.015363,0.061453,0.013966,0.060056,0.062849,0.061453,0.061453,0.050279,0.050279,0.062849,0.062849,0.061453,0.005587,0.062849,0.062849,0.048883,0.064246,0.019553,0.062849,0.016760,0.061453,0.023743,0.020950,0.053073,0.015363,0.062849,0.062849,0.061453,0.065642,0.061453
CY112618|A/Netherlands/241/1993,0.050279,0.064246,0.064246,0.065642,0.023743,0.069832,0.061453,0.029330,0.064246,0.064246,0.062849,0.062849,0.071229,0.051676,0.062849,0.064246,0.018156,0.054469,0.022346,0.062849,0.013966,0.064246,0.043296,0.064246,0.062849,0.069832,0.064246,0.062849,0.061453,0.061453,0.064246,0.062849,0.064246,0.062849,0.026536,0.069014,0.061453,0.019553,0.013966,0.062849,0.064246,0.061453,0.022346,0.061453,0.032123,0.022346,0.008380,0.062849,0.060056,0.062849,0.019553,0.067039,0.022346,0.071329,0.062849,0.062849,0.064246,0.307263,0.019553,0.000000,0.047486,0.064246,0.061453,0.062849,0.020950,0.005587,0.020950,0.060056,0.020950,0.064246,0.020950,0.062849,0.022346,0.061453,0.065642,0.062849,0.062849,0.044693,0.047486,0.064246,0.064246,0.062849,0.019553,0.064246,0.064246,0.041899,0.065642,0.022346,0.064246,0.019553,0.064246,0.016760,0.009777,0.050279,0.023743,0.064246,0.064246,0.062849,0.067039,0.062849
CY043560|A/Yokohama/78/2008(H1N1),0.011173,0.062849,0.062849,0.062849,0.051676,0.068436,0.060056,0.027933,0.062849,0.062849,0.061453,0.061453,0.069832,0.012570,0.061453,0.062849,0.048883,0.082402,0.053073,0.061453,0.051676,0.062849,0.005587,0.065642,0.061453,0.068436,0.062849,0.061453,0.060056,0.062849,0.062849,0.061453,0.062849,0.061453,0.030726,0.066197,0.060056,0.055866,0.040503,0.061453,0.062849,0.062849,0.053073,0.060056,0.023743,0.053073,0.046089,0.061453,0.058659,0.061453,0.050279,0.064246,0.053073,0.067133,0.061453,0.061453,0.062849,0.332402,0.053073,0.047486,0.000000,0.061453,0.061453,0.061453,0.051676,0.047486,0.055866,0.053073,0.050279,0.062849,0.051676,0.061453,0.050279,0.060056,0.060056,0.061453,0.061453,0.005587,0.008380,0.061453,0.061453,0.061453,0.058659,0.062849,0.062849,0.018156,0.065642,0.053073,0.062849,0.050279,0.061453,0.037709,0.047486,0.011173,0.051676,0.055866,0.061453,0.061453,0.065642,0.061453
CY124559|A/Singapore/GP479/2011,0.058659,0.005587,0.005587,0.008380,0.067039,0.012570,0.005587,0.054469,0.006983,0.006983,0.005587,0.005587,0.013966,0.060056,0.005587,0.006983,0.061453,0.094972,0.064246,0.005587,0.062849,0.006983,0.057263,0.015363,0.005587,0.012570,0.006983,0.005587,0.006983,0.006983,0.006983,0.004190,0.006983,0.005587,0.054469,0.007042,0.036313,0.064246,0.055866,0.005587,0.006983,0.006983,0.065642,0.005587,0.050279,0.065642,0.058659,0.005587,0.005587,0.005587,0.062849,0.009777,0.065642,0.012587,0.005587,0.005587,0.005587,0.346369,0.061453,0.064246,0.061453,0.000000,0.009777,0.004190,0.064246,0.064246,0.064246,0.034916,0.062849,0.006983,0.064246,0.005587,0.062849,0.005587,0.037709,0.005587,0.005587,0.058659,0.057263,0.008380,0.008380,0.005587,0.067039,0.006983,0.006983,0.054469,0.009777,0.065642,0.011173,0.062849,0.002793,0.057263,0.058659,0.058659,0.064246,0.037709,0.006983,0.004190,0.009777,0.008380
CY095877|A/Hubei/76/2009,0.058659,0.009777,0.009777,0.009777,0.065642,0.013966,0.006983,0.053073,0.009777,0.008380,0.006983,0.006983,0.009777,0.060056,0.006983,0.008380,0.060056,0.093575,0.062849,0.006983,0.062849,0.005587,0.057263,0.011173,0.006983,0.013966,0.008380,0.006983,0.008380,0.008380,0.008380,0.008380,0.008380,0.006983,0.053073,0.014085,0.033520,0.062849,0.054469,0.006983,0.008380,0.008380,0.064246,0.006983,0.048883,0.064246,0.058659,0.006983,0.006983,0.006983,0.061453,0.011173,0.064246,0.015385,0.006983,0.006983,0.009777,0.343575,0.060056,0.061453,0.061453,0.009777,0.000000,0.008380,0.062849,0.061453,0.062849,0.032123,0.061453,0.008380,0.062849,0.006983,0.061453,0.006983,0.037709,0.006983,0.006983,0.058659,0.057263,0.009777,0.009777,0.006983,0.065642,0.008380,0.008380,0.053073,0.008380,0.064246,0.012570,0.061453,0.009777,0.055866,0.058659,0.058659,0.062849,0.036313,0.008380,0.008380,0.011173,0.009777
CY129691|A/Athens/INS554/2011,0.058659,0.004190,0.004190,0.006983,0.067039,0.011173,0.004190,0.053073,0.005587,0.005587,0.004190,0.004190,0.012570,0.060056,0.004190,0.005587,0.061453,0.094972,0.064246,0.004190,0.061453,0.005587,0.057263,0.013966,0.004190,0.011173,0.005587,0.004190,0.005587,0.005587,0.005587,0.002793,0.005587,0.004190,0.053073,0.008451,0.034916,0.064246,0.054469,0.004190,0.005587,0.005587,0.065642,0.004190,0.048883,0.065642,0.057263,0.004190,0.004190,0.004190,0.062849,0.008380,0.065642,0.012587,0.004190,0.004190,0.004190,0.346369,0.061453,0.062849,0.061453,0.004190,0.008380,0.000000,0.064246,0.062849,0.064246,0.033520,0.062849,0.005587,0.064246,0.004190,0.062849,0.004190,0.039106,0.004190,0.004190,0.058659,0.057263,0.006983,0.006983,0.004190,0.067039,0.005587,0.005587,0.053073,0.008380,0.065642,0.009777,0.062849,0.004190,0.055866,0.057263,0.058659,0.064246,0.037709,0.005587,0.002793,0.008380,0.006983
CY089754|A/Boston/75/2009,0.051676,0.065642,0.065642,0.067039,0.005587,0.071229,0.062849,0.036313,0.065642,0.065642,0.064246,0.064246,0.072626,0.053073,0.064246,0.065642,0.004190,0.036313,0.006983,0.064246,0.029330,0.065642,0.047486,0.065642,0.064246,0.071229,0.064246,0.064246,0.062849,0.062849,0.065642,0.064246,0.065642,0.064246,0.033520,0.069014,0.060056,0.018156,0.023743,0.064246,0.065642,0.062849,0.006983,0.062849,0.036313,0.004190,0.023743,0.064246,0.061453,0.064246,0.004190,0.068436,0.004190,0.071329,0.064246,0.064246,0.065642,0.300279,0.018156,0.020950,0.051676,0.064246,0.062849,0.064246,0.000000,0.020950,0.019553,0.055866,0.005587,0.065642,0.002793,0.064246,0.004190,0.062849,0.060056,0.064246,0.064246,0.048883,0.048883,0.065642,0.065642,0.064246,0.020950,0.065642,0.065642,0.047486,0.068436,0.004190,0.065642,0.004190,0.064246,0.026536,0.025140,0.051676,0.008380,0.060056,0.065642,0.064246,0.068436,0.064246
CY113586|A/Lyon/1182/1991,0.050279,0.064246,0.064246,0.065642,0.023743,0.069832,0.061453,0.029330,0.064246,0.064246,0.062849,0.062849,0.071229,0.051676,0.062849,0.064246,0.018156,0.054469,0.022346,0.062849,0.013966,0.064246,0.043296,0.062849,0.062849,0.069832,0.064246,0.062849,0.061453,0.061453,0.064246,0.062849,0.064246,0.062849,0.026536,0.069014,0.061453,0.016760,0.013966,0.062849,0.064246,0.061453,0.022346,0.061453,0.032123,0.022346,0.008380,0.062849,0.060056,0.062849,0.019553,0.067039,0.022346,0.071329,0.062849,0.062849,0.064246,0.310056,0.016760,0.005587,0.047486,0.064246,0.061453,0.062849,0.020950,0.000000,0.018156,0.060056,0.020950,0.064246,0.018156,0.062849,0.022346,0.061453,0.065642,0.062849,0.062849,0.044693,0.047486,0.064246,0.064246,0.062849,0.019553,0.064246,0.062849,0.041899,0.065642,0.022346,0.064246,0.019553,0.064246,0.016760,0.009777,0.050279,0.023743,0.064246,0.064246,0.062849,0.067039,0.062849
CY012093|A/Waikato/102/2003,0.055866,0.065642,0.065642,0.067039,0.022346,0.071229,0.062849,0.040503,0.065642,0.065642,0.064246,0.064246,0.072626,0.057263,0.064246,0.065642,0.018156,0.051676,0.020950,0.064246,0.029330,0.065642,0.051676,0.065642,0.064246,0.071229,0.065642,0.064246,0.062849,0.062849,0.065642,0.064246,0.065642,0.064246,0.037709,0.069014,0.065642,0.004190,0.026536,0.064246,0.065642,0.062849,0.020950,0.062849,0.041899,0.018156,0.023743,0.064246,0.061453,0.064246,0.018156,0.068436,0.020950,0.071329,0.064246,0.064246,0.065642,0.310056,0.004190,0.020950,0.055866,0.064246,0.062849,0.064246,0.019553,0.018156,0.000000,0.064246,0.019553,0.065642,0.016760,0.064246,0.018156,0.062849,0.065642,0.064246,0.064246,0.053073,0.053073,0.065642,0.065642,0.064246,0.006983,0.065642,0.065642,0.051676,0.067039,0.020950,0.065642,0.018156,0.064246,0.027933,0.025140,0.055866,0.019553,0.065642,0.065642,0.064246,0.068436,0.064246
CY098573|A/Anhui/1/2005,0.050279,0.034916,0.034916,0.034916,0.058659,0.039106,0.030726,0.046089,0.034916,0.033520,0.032123,0.032123,0.040503,0.051676,0.032123,0.033520,0.053073,0.086592,0.057263,0.032123,0.060056,0.033520,0.048883,0.036313,0.032123,0.039106,0.033520,0.032123,0.033520,0.033520,0.033520,0.033520,0.033520,0.032123,0.046089,0.039437,0.022346,0.064246,0.051676,0.032123,0.033520,0.030726,0.054469,0.032123,0.039106,0.057263,0.055866,0.032123,0.029330,0.032123,0.054469,0.036313,0.057263,0.040559,0.032123,0.032123,0.034916,0.339385,0.061453,0.060056,0.053073,0.034916,0.032123,0.033520,0.055866,0.060056,0.064246,0.000000,0.054469,0.033520,0.055866,0.032123,0.054469,0.032123,0.013966,0.032123,0.032123,0.050279,0.048883,0.033520,0.034916,0.032123,0.067039,0.033520,0.033520,0.044693,0.036313,0.057263,0.034916,0.054469,0.034916,0.050279,0.055866,0.050279,0.057263,0.009777,0.033520,0.033520,0.036313,0.032123
CY038500|A/Pennsylvania/PIT39/2008(H3N2),0.050279,0.064246,0.064246,0.065642,0.008380,0.069832,0.061453,0.034916,0.064246,0.064246,0.062849,0.062849,0.071229,0.051676,0.062849,0.064246,0.004190,0.039106,0.006983,0.062849,0.029330,0.064246,0.046089,0.064246,0.062849,0.069832,0.064246,0.062849,0.061453,0.061453,0.064246,0.062849,0.064246,0.062849,0.032123,0.067606,0.058659,0.018156,0.023743,0.062849,0.064246,0.061453,0.006983,0.061453,0.034916,0.006983,0.023743,0.062849,0.060056,0.062849,0.004190,0.067039,0.006983,0.069930,0.062849,0.062849,0.064246,0.298883,0.018156,0.020950,0.050279,0.062849,0.061453,0.062849,0.005587,0.020950,0.019553,0.054469,0.000000,0.064246,0.005587,0.062849,0.006983,0.061453,0.058659,0.062849,0.062849,0.047486,0.047486,0.064246,0.064246,0.062849,0.020950,0.064246,0.064246,0.046089,0.067039,0.006983,0.064246,0.004190,0.062849,0.026536,0.025140,0.050279,0.011173,0.058659,0.064246,0.062849,0.067039,0.062849
FJ969539|A/California/07/2009(H1N1),0.060056,0.006983,0.006983,0.006983,0.068436,0.011173,0.004190,0.054469,0.006983,0.005587,0.004190,0.004190,0.012570,0.061453,0.004190,0.005587,0.062849,0.093575,0.065642,0.004190,0.062849,0.005587,0.058659,0.013966,0.004190,0.011173,0.005587,0.004190,0.005587,0.005587,0.005587,0.005587,0.005587,0.004190,0.054469,0.011268,0.034916,0.065642,0.055866,0.004190,0.005587,0.005587,0.067039,0.004190,0.050279,0.067039,0.058659,0.004190,0.004190,0.004190,0.064246,0.008380,0.067039,0.012587,0.004190,0.004190,0.006983,0.346369,0.062849,0.064246,0.062849,0.006983,0.008380,0.005587,0.065642,0.064246,0.065642,0.033520,0.064246,0.000000,0.065642,0.004190,0.064246,0.004190,0.039106,0.004190,0.004190,0.060056,0.058659,0.006983,0.006983,0.004190,0.068436,0.005587,0.005587,0.054469,0.008380,0.067039,0.009777,0.064246,0.006983,0.057263,0.058659,0.060056,0.065642,0.037709,0.005587,0.005587,0.008380,0.006983
CY041479|A/Florida/UR07-0154/2008(H3N2),0.051676,0.065642,0.065642,0.067039,0.005587,0.071229,0.062849,0.036313,0.065642,0.065642,0.064246,0.064246,0.072626,0.053073,0.064246,0.065642,0.004190,0.036313,0.006983,0.064246,0.029330,0.065642,0.047486,0.065642,0.064246,0.071229,0.065642,0.064246,0.062849,0.062849,0.065642,0.064246,0.065642,0.064246,0.033520,0.069014,0.060056,0.015363,0.023743,0.064246,0.065642,0.062849,0.006983,0.062849,0.036313,0.004190,0.023743,0.064246,0.061453,0.064246,0.004190,0.068436,0.004190,0.071329,0.064246,0.064246,0.065642,0.300279,0.015363,0.020950,0.051676,0.064246,0.062849,0.064246,0.002793,0.018156,0.016760,0.055866,0.005587,0.065642,0.000000,0.064246,0.004190,0.062849,0.060056,0.064246,0.064246,0.048883,0.048883,0.065642,0.065642,0.064246,0.018156,0.065642,0.065642,0.047486,0.068436,0.004190,0.065642,0.004190,0.064246,0.026536,0.025140,0.051676,0.008380,0.060056,0.065642,0.064246,0.068436,0.064246
KC781319|A/Mississippi/01/2009,0.058659,0.005587,0.005587,0.005587,0.067039,0.009777,0.002793,0.053073,0.005587,0.004190,0.002793,0.002793,0.011173,0.060056,0.002793,0.004190,0.061453,0.094972,0.064246,0.002793,0.061453,0.004190,0.057263,0.012570,0.002793,0.009777,0.004190,0.002793,0.004190,0.004190,0.004190,0.004190,0.004190,0.002793,0.053073,0.009859,0.033520,0.064246,0.054469,0.002793,0.002793,0.004190,0.065642,0.002793,0.048883,0.065642,0.057263,0.002793,0.002793,0.002793,0.062849,0.006983,0.065642,0.011189,0.002793,0.002793,0.005587,0.344972,0.061453,0.062849,0.061453,0.005587,0.006983,0.004190,0.064246,0.062849,0.064246,0.032123,0.062849,0.004190,0.064246,0.000000,0.062849,0.002793,0.037709,0.002793,0.002793,0.058659,0.057263,0.005587,0.005587,0.002793,0.067039,0.004190,0.004190,0.053073,0.006983,0.065642,0.008380,0.062849,0.005587,0.055866,0.057263,0.058659,0.064246,0.036313,0.004190,0.004190,0.006983,0.005587
JX905397|A/Florida/22/2009(H3N2),0.050279,0.064246,0.064246,0.065642,0.006983,0.069832,0.061453,0.034916,0.064246,0.064246,0.062849,0.062849,0.071229,0.051676,0.062849,0.064246,0.005587,0.037709,0.008380,0.062849,0.027933,0.064246,0.046089,0.064246,0.062849,0.069832,0.064246,0.062849,0.061453,0.061453,0.064246,0.062849,0.064246,0.062849,0.032123,0.067606,0.058659,0.016760,0.022346,0.062849,0.064246,0.061453,0.008380,0.061453,0.034916,0.002793,0.022346,0.062849,0.060056,0.062849,0.005587,0.067039,0.005587,0.069930,0.062849,0.062849,0.064246,0.301676,0.013966,0.022346,0.050279,0.062849,0.061453,0.062849,0.004190,0.022346,0.018156,0.054469,0.006983,0.064246,0.004190,0.062849,0.000000,0.061453,0.058659,0.062849,0.062849,0.047486,0.047486,0.064246,0.064246,0.062849,0.019553,0.064246,0.064246,0.046089,0.067039,0.005587,0.064246,0.005587,0.062849,0.025140,0.023743,0.050279,0.004190,0.058659,0.064246,0.062849,0.067039,0.062849
HM568135|A/England/H093780041/2009,0.057263,0.005587,0.005587,0.005587,0.065642,0.009777,0.002793,0.051676,0.005587,0.004190,0.002793,0.002793,0.011173,0.058659,0.002793,0.004190,0.060056,0.093575,0.062849,0.002793,0.060056,0.004190,0.055866,0.012570,0.002793,0.009777,0.004190,0.002793,0.004190,0.004190,0.004190,0.004190,0.004190,0.002793,0.051676,0.009859,0.033520,0.062849,0.053073,0.002793,0.004190,0.004190,0.064246,0.002793,0.047486,0.064246,0.055866,0.002793,0.002793,0.002793,0.061453,0.006983,0.064246,0.011189,0.002793,0.002793,0.005587,0.344972,0.060056,0.061453,0.060056,0.005587,0.006983,0.004190,0.062849,0.061453,0.062849,0.032123,0.061453,0.004190,0.062849,0.002793,0.061453,0.000000,0.037709,0.002793,0.002793,0.057263,0.055866,0.005587,0.005587,0.002793,0.065642,0.004190,0.004190,0.051676,0.006983,0.064246,0.008380,0.061453,0.005587,0.054469,0.055866,0.057263,0.062849,0.036313,0.004190,0.004190,0.006983,0.005587
HM114544|A/Vietnam/UT31203A/2007(H5N1),0.057263,0.040503,0.040503,0.040503,0.062849,0.044693,0.036313,0.054469,0.040503,0.039106,0.037709,0.037709,0.046089,0.058659,0.037709,0.039106,0.057263,0.086592,0.061453,0.037709,0.065642,0.039106,0.055866,0.041899,0.037709,0.044693,0.039106,0.036313,0.039106,0.039106,0.039106,0.039106,0.039106,0.037709,0.054469,0.042254,0.032123,0.065642,0.060056,0.037709,0.039106,0.036313,0.058659,0.037709,0.047486,0.061453,0.061453,0.037709,0.037709,0.037709,0.058659,0.041899,0.061453,0.044755,0.037709,0.037709,0.040503,0.342179,0.062849,0.065642,0.060056,0.037709,0.037709,0.039106,0.060056,0.065642,0.065642,0.013966,0.058659,0.039106,0.060056,0.037709,0.058659,0.037709,0.000000,0.037709,0.037709,0.055866,0.055866,0.039106,0.040503,0.037709,0.068436,0.039106,0.039106,0.053073,0.041899,0.061453,0.040503,0.058659,0.037709,0.058659,0.061453,0.057263,0.061453,0.012570,0.039106,0.039106,0.041899,0.040503
CY134470|A/Boston/DOA08/2011,0.058659,0.005587,0.005587,0.005587,0.067039,0.009777,0.002793,0.053073,0.005587,0.004190,0.002793,0.002793,0.011173,0.060056,0.002793,0.004190,0.061453,0.094972,0.064246,0.002793,0.061453,0.004190,0.057263,0.012570,0.002793,0.009777,0.004190,0.002793,0.004190,0.004190,0.004190,0.004190,0.004190,0.002793,0.053073,0.009859,0.033520,0.064246,0.054469,0.002793,0.004190,0.004190,0.065642,0.002793,0.048883,0.065642,0.057263,0.002793,0.002793,0.002793,0.062849,0.006983,0.065642,0.011189,0.002793,0.002793,0.005587,0.344972,0.061453,0.062849,0.061453,0.005587,0.006983,0.004190,0.064246,0.062849,0.064246,0.032123,0.062849,0.004190,0.064246,0.002793,0.062849,0.002793,0.037709,0.000000,0.002793,0.058659,0.057263,0.005587,0.005587,0.002793,0.067039,0.004190,0.004190,0.053073,0.006983,0.065642,0.008380,0.062849,0.005587,0.055866,0.057263,0.058659,0.064246,0.036313,0.004190,0.004190,0.006983,0.005587
CY050147|A/Wisconsin/629-D01058/2009(H1N1),0.058659,0.005587,0.005587,0.005587,0.067039,0.009777,0.002793,0.053073,0.005587,0.004190,0.002793,0.002793,0.011173,0.060056,0.002793,0.004190,0.061453,0.094972,0.062849,0.002793,0.061453,0.004190,0.057263,0.012570,0.002793,0.009777,0.004190,0.002793,0.004190,0.004190,0.004190,0.004190,0.004190,0.002793,0.053073,0.009859,0.033520,0.064246,0.054469,0.002793,0.004190,0.004190,0.065642,0.002793,0.048883,0.065642,0.057263,0.002793,0.002793,0.002793,0.062849,0.006983,0.065642,0.011189,0.002793,0.002793,0.005587,0.346369,0.061453,0.062849,0.061453,0.005587,0.006983,0.004190,0.064246,0.062849,0.064246,0.032123,0.062849,0.004190,0.064246,0.002793,0.062849,0.002793,0.037709,0.002793,0.000000,0.058659,0.057263,0.005587,0.005587,0.002793,0.067039,0.004190,0.004190,0.053073,0.006983,0.065642,0.008380,0.062849,0.005587,0.055866,0.057263,0.058659,0.064246,0.036313,0.004190,0.004190,0.006983,0.005587
CY104987|A/Hue/H386/2008(H1N1),0.008380,0.060056,0.060056,0.060056,0.048883,0.065642,0.057263,0.025140,0.060056,0.060056,0.058659,0.058659,0.067039,0.009777,0.058659,0.060056,0.046089,0.082402,0.050279,0.058659,0.048883,0.060056,0.002793,0.062849,0.058659,0.065642,0.060056,0.058659,0.057263,0.060056,0.060056,0.058659,0.060056,0.058659,0.027933,0.063380,0.057263,0.053073,0.037709,0.058659,0.060056,0.060056,0.050279,0.057263,0.020950,0.050279,0.043296,0.058659,0.055866,0.058659,0.047486,0.061453,0.050279,0.064336,0.058659,0.058659,0.060056,0.332402,0.050279,0.044693,0.005587,0.058659,0.058659,0.058659,0.048883,0.044693,0.053073,0.050279,0.047486,0.060056,0.048883,0.058659,0.047486,0.057263,0.055866,0.058659,0.058659,0.000000,0.005587,0.058659,0.058659,0.058659,0.055866,0.060056,0.060056,0.015363,0.062849,0.050279,0.060056,0.047486,0.058659,0.034916,0.044693,0.008380,0.048883,0.054469,0.058659,0.058659,0.062849,0.058659
HQ292024|A/Taiwan/0045/2006,0.005587,0.058659,0.058659,0.058659,0.048883,0.064246,0.055866,0.027933,0.058659,0.058659,0.057263,0.057263,0.065642,0.006983,0.057263,0.058659,0.046089,0.082402,0.050279,0.057263,0.051676,0.058659,0.005587,0.061453,0.057263,0.064246,0.058659,0.057263,0.055866,0.058659,0.058659,0.057263,0.058659,0.057263,0.030726,0.061972,0.055866,0.053073,0.040503,0.057263,0.058659,0.058659,0.050279,0.055866,0.023743,0.050279,0.046089,0.057263,0.054469,0.057263,0.047486,0.057263,0.050279,0.062937,0.057263,0.057263,0.058659,0.331006,0.050279,0.047486,0.008380,0.057263,0.057263,0.057263,0.048883,0.047486,0.053073,0.048883,0.047486,0.058659,0.048883,0.057263,0.047486,0.055866,0.055866,0.057263,0.057263,0.005587,0.000000,0.057263,0.057263,0.057263,0.055866,0.058659,0.058659,0.015363,0.061453,0.050279,0.058659,0.047486,0.057263,0.037709,0.047486,0.005587,0.048883,0.053073,0.057263,0.057263,0.061453,0.057263
CY066924|A/Pensacola/INS234/2009,0.058659,0.008380,0.008380,0.002793,0.068436,0.012570,0.005587,0.053073,0.005587,0.006983,0.005587,0.005587,0.013966,0.060056,0.005587,0.006983,0.062849,0.096369,0.065642,0.005587,0.062849,0.006983,0.057263,0.015363,0.005587,0.012570,0.004190,0.005587,0.006983,0.006983,0.006983,0.006983,0.006983,0.005587,0.053073,0.012676,0.034916,0.065642,0.054469,0.005587,0.006983,0.006983,0.067039,0.005587,0.048883,0.067039,0.058659,0.005587,0.005587,0.005587,0.064246,0.004190,0.067039,0.013986,0.005587,0.005587,0.008380,0.347765,0.062849,0.064246,0.061453,0.008380,0.009777,0.006983,0.065642,0.064246,0.065642,0.033520,0.064246,0.006983,0.065642,0.005587,0.064246,0.005587,0.039106,0.005587,0.005587,0.058659,0.057263,0.000000,0.008380,0.005587,0.068436,0.006983,0.006983,0.053073,0.009777,0.067039,0.008380,0.064246,0.008380,0.055866,0.058659,0.058659,0.065642,0.037709,0.006983,0.006983,0.009777,0.008380
CY107266|A/Scotland/Inverness_18/2009,0.058659,0.008380,0.008380,0.008380,0.068436,0.012570,0.005587,0.054469,0.008380,0.006983,0.005587,0.005587,0.013966,0.060056,0.005587,0.006983,0.062849,0.096369,0.065642,0.005587,0.062849,0.006983,0.057263,0.015363,0.005587,0.012570,0.006983,0.005587,0.006983,0.006983,0.006983,0.006983,0.006983,0.005587,0.054469,0.012676,0.034916,0.065642,0.055866,0.005587,0.006983,0.006983,0.067039,0.005587,0.050279,0.067039,0.058659,0.005587,0.005587,0.005587,0.064246,0.009777,0.067039,0.013986,0.005587,0.005587,0.008380,0.344972,0.062849,0.064246,0.061453,0.008380,0.009777,0.006983,0.065642,0.064246,0.065642,0.034916,0.064246,0.006983,0.065642,0.005587,0.064246,0.005587,0.040503,0.005587,0.005587,0.058659,0.057263,0.008380,0.000000,0.005587,0.068436,0.006983,0.006983,0.054469,0.009777,0.067039,0.008380,0.064246,0.008380,0.057263,0.058659,0.058659,0.065642,0.039106,0.004190,0.006983,0.009777,0.008380
CY118272|A/Malaysia/2205822/2009,0.058659,0.005587,0.005587,0.005587,0.067039,0.009777,0.002793,0.053073,0.005587,0.004190,0.002793,0.002793,0.011173,0.060056,0.002793,0.004190,0.061453,0.094972,0.064246,0.002793,0.061453,0.004190,0.057263,0.012570,0.002793,0.009777,0.004190,0.002793,0.004190,0.004190,0.004190,0.004190,0.004190,0.002793,0.053073,0.009859,0.033520,0.064246,0.054469,0.002793,0.004190,0.004190,0.065642,0.002793,0.048883,0.065642,0.057263,0.002793,0.002793,0.002793,0.062849,0.006983,0.065642,0.011189,0.002793,0.002793,0.005587,0.344972,0.061453,0.062849,0.061453,0.005587,0.006983,0.004190,0.064246,0.062849,0.064246,0.032123,0.062849,0.004190,0.064246,0.002793,0.062849,0.002793,0.037709,0.002793,0.002793,0.058659,0.057263,0.005587,0.005587,0.000000,0.067039,0.004190,0.004190,0.053073,0.006983,0.065642,0.008380,0.062849,0.005587,0.055866,0.057263,0.058659,0.064246,0.036313,0.004190,0.004190,0.006983,0.005587
CY012029|A/Waikato/29/2002,0.058659,0.068436,0.068436,0.069832,0.023743,0.074022,0.065642,0.041899,0.068436,0.068436,0.067039,0.067039,0.075419,0.060056,0.067039,0.068436,0.019553,0.053073,0.022346,0.067039,0.030726,0.068436,0.054469,0.068436,0.067039,0.074022,0.068436,0.067039,0.065642,0.065642,0.068436,0.067039,0.068436,0.067039,0.039106,0.071831,0.068436,0.005587,0.027933,0.067039,0.068436,0.065642,0.022346,0.065642,0.043296,0.019553,0.025140,0.067039,0.064246,0.067039,0.019553,0.071229,0.022346,0.074126,0.067039,0.067039,0.068436,0.308659,0.005587,0.019553,0.058659,0.067039,0.065642,0.067039,0.020950,0.019553,0.006983,0.067039,0.020950,0.068436,0.018156,0.067039,0.019553,0.065642,0.068436,0.067039,0.067039,0.055866,0.055866,0.068436,0.068436,0.067039,0.000000,0.068436,0.068436,0.054469,0.069832,0.022346,0.068436,0.019553,0.067039,0.029330,0.026536,0.058659,0.020950,0.068436,0.068436,0.067039,0.071229,0.067039
CY071060|A/Vienna/INS368/2010(H1N1),0.060056,0.006983,0.006983,0.006983,0.068436,0.011173,0.004190,0.054469,0.006983,0.005587,0.004190,0.004190,0.012570,0.061453,0.004190,0.005587,0.062849,0.096369,0.065642,0.004190,0.062849,0.005587,0.058659,0.013966,0.004190,0.011173,0.005587,0.004190,0.005587,0.005587,0.005587,0.005587,0.005587,0.004190,0.054469,0.011268,0.034916,0.065642,0.055866,0.004190,0.005587,0.005587,0.067039,0.004190,0.050279,0.067039,0.058659,0.004190,0.004190,0.004190,0.064246,0.008380,0.067039,0.012587,0.004190,0.004190,0.006983,0.346369,0.062849,0.064246,0.062849,0.006983,0.008380,0.005587,0.065642,0.064246,0.065642,0.033520,0.064246,0.005587,0.065642,0.004190,0.064246,0.004190,0.039106,0.004190,0.004190,0.060056,0.058659,0.006983,0.006983,0.004190,0.068436,0.000000,0.005587,0.054469,0.008380,0.067039,0.009777,0.064246,0.006983,0.057263,0.058659,0.058659,0.065642,0.037709,0.005587,0.005587,0.005587,0.004190
CY052420|A/Texas/42192947/2009(H1N1),0.060056,0.006983,0.006983,0.006983,0.068436,0.011173,0.004190,0.054469,0.006983,0.005587,0.004190,0.004190,0.012570,0.061453,0.004190,0.005587,0.062849,0.096369,0.065642,0.004190,0.062849,0.005587,0.058659,0.011173,0.004190,0.011173,0.005587,0.004190,0.005587,0.005587,0.005587,0.005587,0.005587,0.004190,0.054469,0.011268,0.034916,0.065642,0.055866,0.004190,0.005587,0.005587,0.067039,0.004190,0.050279,0.067039,0.058659,0.004190,0.004190,0.004190,0.064246,0.008380,0.067039,0.012587,0.004190,0.004190,0.006983,0.346369,0.062849,0.064246,0.062849,0.006983,0.008380,0.005587,0.065642,0.062849,0.065642,0.033520,0.064246,0.005587,0.065642,0.004190,0.064246,0.004190,0.039106,0.004190,0.004190,0.060056,0.058659,0.006983,0.006983,0.004190,0.068436,0.005587,0.000000,0.054469,0.008380,0.067039,0.009777,0.064246,0.006983,0.057263,0.058659,0.060056,0.065642,0.037709,0.005587,0.005587,0.008380,0.006983
CY125041|A/Wellington/47/1992,0.018156,0.054469,0.054469,0.054469,0.050279,0.060056,0.051676,0.019553,0.054469,0.054469,0.053073,0.053073,0.061453,0.019553,0.053073,0.054469,0.044693,0.081006,0.048883,0.053073,0.041899,0.054469,0.013966,0.057263,0.053073,0.060056,0.054469,0.053073,0.051676,0.054469,0.054469,0.053073,0.054469,0.053073,0.022346,0.059155,0.051676,0.051676,0.032123,0.053073,0.054469,0.054469,0.048883,0.051676,0.015363,0.048883,0.036313,0.053073,0.050279,0.053073,0.046089,0.053073,0.048883,0.061538,0.053073,0.053073,0.054469,0.332402,0.048883,0.041899,0.018156,0.054469,0.053073,0.053073,0.047486,0.041899,0.051676,0.044693,0.046089,0.054469,0.047486,0.053073,0.046089,0.051676,0.053073,0.053073,0.053073,0.015363,0.015363,0.053073,0.054469,0.053073,0.054469,0.054469,0.054469,0.000000,0.057263,0.048883,0.054469,0.046089,0.054469,0.029330,0.037709,0.018156,0.047486,0.048883,0.054469,0.053073,0.057263,0.053073
HM189311|A/Chita/CRIE-8/2009(H1N1),0.062849,0.009777,0.009777,0.009777,0.071229,0.013966,0.006983,0.057263,0.009777,0.008380,0.006983,0.006983,0.012570,0.064246,0.006983,0.008380,0.065642,0.099162,0.068436,0.006983,0.064246,0.008380,0.061453,0.013966,0.006983,0.013966,0.008380,0.006983,0.008380,0.008380,0.008380,0.008380,0.008380,0.006983,0.057263,0.014085,0.037709,0.067039,0.058659,0.006983,0.008380,0.008380,0.069832,0.006983,0.053073,0.069832,0.060056,0.006983,0.006983,0.006983,0.067039,0.011173,0.069832,0.015385,0.006983,0.006983,0.009777,0.347765,0.064246,0.065642,0.065642,0.009777,0.008380,0.008380,0.068436,0.065642,0.067039,0.036313,0.067039,0.008380,0.068436,0.006983,0.067039,0.006983,0.041899,0.006983,0.006983,0.062849,0.061453,0.009777,0.009777,0.006983,0.069832,0.008380,0.008380,0.057263,0.000000,0.069832,0.012570,0.067039,0.009777,0.060056,0.060056,0.062849,0.068436,0.040503,0.008380,0.008380,0.011173,0.009777
CY087635|A/Uganda/MUWRP-046/2008,0.053073,0.067039,0.067039,0.068436,0.006983,0.072626,0.064246,0.037709,0.067039,0.067039,0.065642,0.065642,0.074022,0.054469,0.065642,0.067039,0.005587,0.037709,0.008380,0.065642,0.030726,0.067039,0.048883,0.067039,0.065642,0.072626,0.067039,0.065642,0.064246,0.064246,0.067039,0.065642,0.067039,0.065642,0.034916,0.070423,0.061453,0.019553,0.025140,0.065642,0.067039,0.064246,0.008380,0.064246,0.037709,0.005587,0.025140,0.065642,0.062849,0.065642,0.005587,0.069832,0.005587,0.072727,0.065642,0.065642,0.067039,0.300279,0.019553,0.022346,0.053073,0.065642,0.064246,0.065642,0.004190,0.022346,0.020950,0.057263,0.006983,0.067039,0.004190,0.065642,0.005587,0.064246,0.061453,0.065642,0.065642,0.050279,0.050279,0.067039,0.067039,0.065642,0.022346,0.067039,0.067039,0.048883,0.069832,0.000000,0.067039,0.005587,0.065642,0.027933,0.026536,0.053073,0.009777,0.061453,0.067039,0.065642,0.069832,0.065642
CY120760|A/Brazil/AVS11/2011,0.060056,0.011173,0.011173,0.008380,0.068436,0.015363,0.008380,0.054469,0.008380,0.009777,0.008380,0.008380,0.016760,0.061453,0.008380,0.009777,0.062849,0.096369,0.065642,0.008380,0.062849,0.009777,0.058659,0.018156,0.005587,0.015363,0.006983,0.008380,0.008380,0.008380,0.009777,0.009777,0.009777,0.008380,0.054469,0.015493,0.036313,0.065642,0.055866,0.008380,0.009777,0.009777,0.067039,0.008380,0.050279,0.067039,0.058659,0.008380,0.008380,0.008380,0.064246,0.009777,0.067039,0.016783,0.008380,0.008380,0.011173,0.346369,0.062849,0.064246,0.062849,0.011173,0.012570,0.009777,0.065642,0.064246,0.065642,0.034916,0.064246,0.009777,0.065642,0.008380,0.064246,0.008380,0.040503,0.008380,0.008380,0.060056,0.058659,0.008380,0.008380,0.008380,0.068436,0.009777,0.009777,0.054469,0.012570,0.067039,0.000000,0.064246,0.011173,0.057263,0.058659,0.060056,0.065642,0.039106,0.009777,0.009777,0.012570,0.011173
CY119055|A/Malaysia/1770921/2007,0.050279,0.064246,0.062849,0.065642,0.006983,0.069832,0.061453,0.034916,0.064246,0.064246,0.062849,0.062849,0.071229,0.051676,0.062849,0.064246,0.002793,0.037709,0.005587,0.062849,0.027933,0.064246,0.046089,0.064246,0.062849,0.069832,0.064246,0.062849,0.061453,0.061453,0.064246,0.062849,0.064246,0.062849,0.032123,0.067606,0.058659,0.016760,0.022346,0.062849,0.064246,0.061453,0.005587,0.061453,0.034916,0.005587,0.022346,0.062849,0.060056,0.062849,0.002793,0.067039,0.005587,0.069930,0.062849,0.062849,0.064246,0.297486,0.016760,0.019553,0.050279,0.062849,0.061453,0.062849,0.004190,0.019553,0.018156,0.054469,0.004190,0.064246,0.004190,0.062849,0.005587,0.061453,0.058659,0.062849,0.062849,0.047486,0.047486,0.064246,0.064246,0.062849,0.019553,0.064246,0.064246,0.046089,0.067039,0.005587,0.064246,0.000000,0.062849,0.025140,0.023743,0.050279,0.009777,0.058659,0.064246,0.062849,0.067039,0.062849
JN187267|A/Taiwan/2883/2011,0.058659,0.005587,0.005587,0.008380,0.067039,0.012570,0.005587,0.054469,0.006983,0.006983,0.005587,0.005587,0.013966,0.060056,0.005587,0.006983,0.061453,0.094972,0.064246,0.005587,0.062849,0.006983,0.057263,0.015363,0.005587,0.012570,0.006983,0.005587,0.006983,0.006983,0.006983,0.004190,0.006983,0.005587,0.054469,0.007042,0.036313,0.064246,0.055866,0.005587,0.006983,0.006983,0.065642,0.005587,0.050279,0.065642,0.058659,0.005587,0.005587,0.005587,0.062849,0.009777,0.065642,0.012587,0.005587,0.005587,0.005587,0.346369,0.061453,0.064246,0.061453,0.002793,0.009777,0.004190,0.064246,0.064246,0.064246,0.034916,0.062849,0.006983,0.064246,0.005587,0.062849,0.005587,0.037709,0.005587,0.005587,0.058659,0.057263,0.008380,0.008380,0.005587,0.067039,0.006983,0.006983,0.054469,0.009777,0.065642,0.011173,0.062849,0.000000,0.057263,0.058659,0.058659,0.064246,0.039106,0.006983,0.004190,0.006983,0.008380
CY113122|A/Bilthoven/5930/1974,0.040503,0.057263,0.057263,0.057263,0.029330,0.062849,0.054469,0.018156,0.057263,0.057263,0.055866,0.055866,0.064246,0.041899,0.055866,0.057263,0.023743,0.060056,0.027933,0.055866,0.018156,0.057263,0.033520,0.057263,0.055866,0.062849,0.057263,0.055866,0.054469,0.054469,0.057263,0.055866,0.057263,0.055866,0.013966,0.061972,0.054469,0.026536,0.005587,0.055866,0.057263,0.054469,0.027933,0.054469,0.019553,0.027933,0.012570,0.055866,0.053073,0.055866,0.025140,0.058659,0.027933,0.064336,0.055866,0.055866,0.057263,0.314246,0.023743,0.016760,0.037709,0.057263,0.055866,0.055866,0.026536,0.016760,0.027933,0.050279,0.026536,0.057263,0.026536,0.055866,0.025140,0.054469,0.058659,0.055866,0.055866,0.034916,0.037709,0.055866,0.057263,0.055866,0.029330,0.057263,0.057263,0.029330,0.060056,0.027933,0.057263,0.025140,0.057263,0.000000,0.013966,0.040503,0.026536,0.054469,0.057263,0.055866,0.060056,0.055866
CY113442|A/Netherlands/738/1989,0.050279,0.058659,0.058659,0.060056,0.027933,0.064246,0.055866,0.026536,0.058659,0.058659,0.057263,0.057263,0.065642,0.051676,0.057263,0.058659,0.022346,0.058659,0.026536,0.057263,0.004190,0.058659,0.043296,0.058659,0.057263,0.064246,0.058659,0.057263,0.055866,0.055866,0.058659,0.057263,0.058659,0.057263,0.023743,0.063380,0.057263,0.023743,0.011173,0.057263,0.058659,0.055866,0.026536,0.055866,0.029330,0.026536,0.001397,0.057263,0.054469,0.057263,0.023743,0.061453,0.026536,0.065734,0.057263,0.057263,0.058659,0.312849,0.020950,0.009777,0.047486,0.058659,0.058659,0.057263,0.025140,0.009777,0.025140,0.055866,0.025140,0.058659,0.025140,0.057263,0.023743,0.055866,0.061453,0.057263,0.057263,0.044693,0.047486,0.058659,0.058659,0.057263,0.026536,0.058659,0.058659,0.037709,0.060056,0.026536,0.058659,0.023743,0.058659,0.013966,0.000000,0.050279,0.025140,0.060056,0.058659,0.057263,0.061453,0.057263
CY104963|A/Hue/H259/2008(H1N1),0.002793,0.060056,0.060056,0.060056,0.051676,0.065642,0.057263,0.030726,0.060056,0.060056,0.058659,0.058659,0.067039,0.004190,0.058659,0.060056,0.048883,0.085196,0.053073,0.058659,0.054469,0.060056,0.008380,0.062849,0.058659,0.065642,0.060056,0.058659,0.057263,0.060056,0.060056,0.058659,0.060056,0.058659,0.030726,0.063380,0.060056,0.055866,0.043296,0.058659,0.060056,0.060056,0.053073,0.058659,0.026536,0.053073,0.048883,0.057263,0.055866,0.058659,0.050279,0.058659,0.053073,0.064336,0.058659,0.058659,0.060056,0.335196,0.053073,0.050279,0.011173,0.058659,0.058659,0.058659,0.051676,0.050279,0.055866,0.050279,0.050279,0.060056,0.051676,0.058659,0.050279,0.057263,0.057263,0.058659,0.058659,0.008380,0.005587,0.058659,0.058659,0.058659,0.058659,0.058659,0.060056,0.018156,0.062849,0.053073,0.060056,0.050279,0.058659,0.040503,0.050279,0.000000,0.051676,0.054469,0.058659,0.058659,0.062849,0.058659
HQ325798|A/Sydney/237I/2009,0.051676,0.065642,0.065642,0.067039,0.011173,0.071229,0.062849,0.036313,0.065642,0.065642,0.064246,0.064246,0.072626,0.053073,0.064246,0.065642,0.009777,0.041899,0.012570,0.064246,0.029330,0.065642,0.047486,0.065642,0.064246,0.071229,0.065642,0.064246,0.062849,0.062849,0.065642,0.064246,0.065642,0.064246,0.033520,0.069014,0.060056,0.018156,0.023743,0.062849,0.065642,0.062849,0.012570,0.062849,0.036313,0.006983,0.023743,0.064246,0.061453,0.064246,0.009777,0.068436,0.009777,0.071329,0.064246,0.064246,0.065642,0.304469,0.015363,0.023743,0.051676,0.064246,0.062849,0.064246,0.008380,0.023743,0.019553,0.057263,0.011173,0.065642,0.008380,0.064246,0.004190,0.062849,0.061453,0.064246,0.064246,0.048883,0.048883,0.065642,0.065642,0.064246,0.020950,0.065642,0.065642,0.047486,0.068436,0.009777,0.065642,0.009777,0.064246,0.026536,0.025140,0.051676,0.000000,0.061453,0.065642,0.064246,0.068436,0.064246
CY098584|A/Guangxi/1/2005,0.054469,0.039106,0.039106,0.039106,0.062849,0.043296,0.034916,0.050279,0.039106,0.037709,0.036313,0.036313,0.044693,0.055866,0.036313,0.037709,0.057263,0.087989,0.061453,0.036313,0.064246,0.037709,0.053073,0.040503,0.036313,0.043296,0.037709,0.034916,0.037709,0.037709,0.037709,0.037709,0.037709,0.036313,0.050279,0.043662,0.029330,0.065642,0.055866,0.036313,0.037709,0.034916,0.058659,0.036313,0.043296,0.061453,0.060056,0.036313,0.033520,0.036313,0.058659,0.040503,0.061453,0.044755,0.036313,0.036313,0.039106,0.343575,0.062849,0.064246,0.055866,0.037709,0.036313,0.037709,0.060056,0.064246,0.065642,0.009777,0.058659,0.037709,0.060056,0.036313,0.058659,0.036313,0.012570,0.036313,0.036313,0.054469,0.053073,0.037709,0.039106,0.036313,0.068436,0.037709,0.037709,0.048883,0.040503,0.061453,0.039106,0.058659,0.039106,0.054469,0.060056,0.054469,0.061453,0.000000,0.037709,0.037709,0.040503,0.036313
CY063240|A/Wisconsin/629-D02442/2009(H1N1),0.058659,0.006983,0.006983,0.006983,0.068436,0.011173,0.004190,0.054469,0.006983,0.005587,0.004190,0.004190,0.012570,0.060056,0.004190,0.005587,0.062849,0.096369,0.065642,0.004190,0.062849,0.005587,0.057263,0.013966,0.004190,0.008380,0.005587,0.004190,0.005587,0.005587,0.005587,0.005587,0.005587,0.004190,0.054469,0.011268,0.034916,0.065642,0.055866,0.004190,0.005587,0.005587,0.067039,0.004190,0.050279,0.067039,0.058659,0.004190,0.004190,0.004190,0.064246,0.008380,0.067039,0.012587,0.004190,0.004190,0.006983,0.346369,0.062849,0.064246,0.061453,0.006983,0.008380,0.005587,0.065642,0.064246,0.065642,0.033520,0.064246,0.005587,0.065642,0.004190,0.064246,0.004190,0.039106,0.004190,0.004190,0.058659,0.057263,0.006983,0.004190,0.004190,0.068436,0.005587,0.005587,0.054469,0.008380,0.067039,0.009777,0.064246,0.006983,0.057263,0.058659,0.058659,0.065642,0.037709,0.000000,0.005587,0.008380,0.006983
CY093154|A/Sydney/DD3-23/2010,0.058659,0.004190,0.004190,0.006983,0.067039,0.011173,0.004190,0.053073,0.005587,0.005587,0.004190,0.004190,0.012570,0.060056,0.004190,0.005587,0.061453,0.094972,0.064246,0.004190,0.061453,0.005587,0.057263,0.013966,0.004190,0.011173,0.005587,0.004190,0.005587,0.005587,0.005587,0.002793,0.005587,0.004190,0.053073,0.008451,0.034916,0.064246,0.054469,0.004190,0.005587,0.005587,0.065642,0.004190,0.048883,0.065642,0.057263,0.004190,0.004190,0.004190,0.062849,0.008380,0.065642,0.012587,0.004190,0.004190,0.004190,0.344972,0.061453,0.062849,0.061453,0.004190,0.008380,0.002793,0.064246,0.062849,0.064246,0.033520,0.062849,0.005587,0.064246,0.004190,0.062849,0.004190,0.039106,0.004190,0.004190,0.058659,0.057263,0.006983,0.006983,0.004190,0.067039,0.005587,0.005587,0.053073,0.008380,0.065642,0.009777,0.062849,0.004190,0.055866,0.057263,0.058659,0.064246,0.037709,0.005587,0.000000,0.008380,0.006983
CY129659|A/Brooklyn/INS549/2011,0.062849,0.009777,0.009777,0.009777,0.071229,0.013966,0.006983,0.057263,0.009777,0.008380,0.006983,0.006983,0.015363,0.064246,0.006983,0.008380,0.065642,0.097765,0.068436,0.005587,0.065642,0.008380,0.061453,0.016760,0.006983,0.013966,0.008380,0.006983,0.008380,0.008380,0.008380,0.008380,0.008380,0.006983,0.057263,0.014085,0.037709,0.068436,0.058659,0.006983,0.008380,0.008380,0.069832,0.006983,0.053073,0.069832,0.061453,0.006983,0.006983,0.006983,0.067039,0.011173,0.069832,0.015385,0.006983,0.006983,0.009777,0.349162,0.065642,0.067039,0.065642,0.009777,0.011173,0.008380,0.068436,0.067039,0.068436,0.036313,0.067039,0.008380,0.068436,0.006983,0.067039,0.006983,0.041899,0.006983,0.006983,0.062849,0.061453,0.009777,0.009777,0.006983,0.071229,0.005587,0.008380,0.057263,0.011173,0.069832,0.012570,0.067039,0.006983,0.060056,0.061453,0.062849,0.068436,0.040503,0.008380,0.008380,0.000000,0.006983
CY129987|A/Warsaw/INS621/2011,0.058659,0.008380,0.008380,0.008380,0.067039,0.012570,0.005587,0.053073,0.008380,0.006983,0.005587,0.005587,0.013966,0.060056,0.005587,0.006983,0.061453,0.094972,0.064246,0.005587,0.061453,0.006983,0.057263,0.015363,0.005587,0.012570,0.006983,0.005587,0.006983,0.006983,0.006983,0.006983,0.006983,0.005587,0.053073,0.012676,0.034916,0.064246,0.054469,0.005587,0.006983,0.006983,0.065642,0.005587,0.048883,0.065642,0.057263,0.005587,0.002793,0.005587,0.062849,0.009777,0.065642,0.013986,0.005587,0.005587,0.008380,0.346369,0.061453,0.062849,0.061453,0.008380,0.009777,0.006983,0.064246,0.062849,0.064246,0.032123,0.062849,0.006983,0.064246,0.005587,0.062849,0.005587,0.040503,0.005587,0.005587,0.058659,0.057263,0.008380,0.008380,0.005587,0.067039,0.004190,0.006983,0.053073,0.009777,0.065642,0.011173,0.062849,0.008380,0.055866,0.057263,0.058659,0.064246,0.036313,0.006983,0.006983,0.006983,0.000000
